first_name,last_name,role
Donald,Waterfield,Patient
Mickey,Baasha,Patient
Jiji,Sharma,Patient
Blair,Diaz,Patient
Charles,Wolfe,Patient
Sue,Falcon,Patient
Thomas,ONeill,Patient
Sonny,Beckett,Patient
Sister,Spitzer,Patient
Cedric,Coltrane,Patient
Hank,Spencer,Patient
Sara,di Marco,Patient
Daphne,Seabright,Patient
Rick,Bennett,Patient
Amy,Leela,Patient
Woody,Bashir,Patient
Tom,Halliwell,Patient
Rachel,Winterbourne,Patient
John,West,Patient
Jon,Doggett,Patient
Angel,Edwards,Patient
Brodie,Beck,Patient
Beanie,Foster,Patient
Nino,Andrews,Patient
John,Farley,Patient
Nea,Kobayakawa,Patient
Laura,Halliwell,Patient
Lucille,Maureen,Patient
Jim,Thomas,Patient
Roderick,Payne,Patient
Sam,Threep,Patient
Bertha,Crowley,Patient
Roland,Edge,Patient
Don,Wiggum,Patient
Anthony,Maxwell,Patient
James,Sullivan,Patient
Anne,Marlowe,Patient
Kelly,Hamilton,Patient
Charles,Andonuts,Patient
Temple,Russert,Patient
Don,Edwards,Patient
Alice,Donovan,Patient
Stone,Cutting,Patient
Neil,Allan,Patient
Cross,Gordon,Patient
Phoebe,Bigelow,Patient
Harry,Kuramitsu,Patient
Gary,Ramotswe,Patient
Phil,Chester,Patient
Phil,Beckett,Patient
Gala,Littlefield,Patient
Gregory,James,Patient
Bruno,Wolfe,Patient
Molly,Jackson,Patient
Rose,Spellman,Patient
Will,Manu,Patient
Woody,Riviera,Patient
Georgette,Gallagher,Patient
Rocky,Donahue,Patient
Roland,Murphy,Patient
Mary,Spellman,Patient
Shiro,Whale,Patient
Calleigh,Dean,Patient
Didi,Dean,Patient
Haiku,Alpert,Patient
Joseph,Justin,Patient
Catherine,Minoru,Patient
Danny,Hardbroom,Patient
Lily,Crusher,Patient
Billy,Jones,Patient
Vicki,Babbling,Patient
Lily,Vargas,Patient
Agatha,Sawyer,Patient
Temple,Marlowe,Patient
Kazuki,Ranall,Patient
Jackie,Lovegood,Patient
Mike,Mars,Patient
Natsumi,Weasley,Patient
Reginald,Jackson,Patient
Ernest,Clarkson,Patient
Gytha,Banzai,Patient
Matt,Goergen,Patient
Nick,Walker,Patient
Jen,Jacobs,Patient
Phoebe,Bell,Patient
Ann,Blocksberg,Patient
Frank,Capone,Patient
Caroline,Smart,Patient
Sam,Spratt,Patient
Prue,Cleever,Patient
Zoe,Miller,Patient
Mendy,Strate,Patient
Delores,Bones,Patient
Hal,Riviera,Patient
Gene,Edwards,Patient
Jonny,Christian,Patient
Emmett,Erin,Patient
Harry,Soprano,Patient
Richard,Davis,Patient
Olwyn,Chino,Patient
Annie,Cox,Patient
John,Stape,Patient
Casanova,Dresden,Patient
Alice,Taylor,Patient
Freddie,Landsman,Patient
Moe,Provenza,Patient
Gillian,Dyson,Patient
Beanie,Nelson,Patient
William,Templin,Patient
Leyla,Dedede,Patient
Joyce,Bosch,Patient
David,Beresford,Patient
Shirley,Havers,Patient
Norman,Gregory,Patient
Briareos,Hayes,Patient
Mable,Taggart,Patient
Chen,Baasha,Patient
Indiana,Kingsley,Patient
Henry,Hernandez,Patient
Teddy,McGrath,Patient
Salvatore,Neutron,Patient
Harry,Graf,Patient
Stanley,Bean,Patient
Derek,Burbank,Patient
Nea,Brocklehurst,Patient
King,Arden,Patient
Lyan,Russo,Patient
Thomas,Fortune,Patient
Priestley,DAmico,Patient
Arnold,Love,Patient
Thursday,Ernst,Patient
Haiku,Shaft,Patient
Mattie,Harkness,Patient
Alexandra,Robins,Patient
Vin,Smyth,Patient
Kenny,Skelton,Patient
Jackie,Dean,Patient
Fiz,Ozaki,Patient
Robbie,Wilde,Patient
Amy,Fuhrey,Patient
Lou,Vincent,Patient
Elvis,Maroni,Patient
Mike,Madison,Patient
Reginald,Cavor,Patient
Kurt,Turtle,Patient
Scott,Corinthos,Patient
Agnes,Duckworth,Patient
Keziah,Brearly,Patient
David,Redfield,Patient
Sonny,Waterman,Patient
Jeff,Tyrell,Patient
Charmian,Hardy,Patient
Jefferson,Hally,Patient
Daneel,Carpenter,Patient
Kazuki,Scarpetta,Patient
Sarah,Newbury,Patient
Robert,Page,Patient
Naoto,Clover,Patient
Noike,Maloney,Patient
Miranda,Delacour,Patient
Marty,Carrington,Patient
Laura,Dee,Patient
Mona,Heterodyne,Patient
Valentin,Mackey,Patient
Emmett,Colbock,Patient
Frank,Carrow,Patient
Alex,Fox,Patient
Nina,Peroni,Patient
Temple,LoPresti,Patient
Wanda,Redfield,Patient
Jack,Stewart,Patient
Maria,Bluenight,Patient
Sarah,Cooper,Patient
Samus,Dalton,Patient
Melody,Frye,Patient
Brooke,Bowles,Patient
Irene,Casswell,Patient
David,Bustamonte,Patient
Phil,Uzuki,Patient
Michael,Henderson,Patient
Nancy,Costello,Patient
Bernard,Karidian,Patient
Doris,Kent,Patient
Hoshi,Johnson,Patient
Didi,Del Lago,Patient
Doyle,Starr,Patient
Guido,Lonnegan,Patient
Cary,Henderson,Patient
Joanna,Cooper,Patient
Gwenog,Hughes,Patient
Freddy,Johnson,Patient
Christine,Lynch,Patient
Magrat,Luca,Patient
Manick,Fletcher,Patient
Elizabeth,Rivers,Patient
Elvis,Kennedy,Patient
Jack,Wesley,Patient
Janice,Renault,Patient
Lenny,Holmes,Patient
Sally,Smith,Patient
John,Pearle,Patient
Naoto,Stewart,Patient
Anita,Manu,Patient
Wilfred,Vincent,Patient
Maggie,Rajasthan,Patient
Martin,Schultz,Patient
Matt,Celine,Patient
Maleen,Bagshot,Patient
Winnie,Hale,Patient
Subhash,Vercetti,Patient
Carol,Wylie,Patient
Gala,Cackle,Patient
Henry,Kennedy,Patient
Abi,Nesmith,Patient
Corrado,McGrew,Patient
Miles,Mace,Patient
Thomas,Duquesne,Patient
Megan,Fidelma,Patient
Jon,Guarnaccia,Patient
Ben,Seldon,Patient
Barbara,Dresden,Patient
Tom,Kowalski,Patient
Andy,Kammerer,Patient
Michael,Jeter,Patient
Magnus,Ferrari,Patient
Silvio,Nayagan,Patient
Ellen,Wylie,Patient
Daniel,Nelson,Patient
Leonard,Sacrimoni,Patient
Jessie,Meedhan,Patient
Lester,Maximoff,Patient
Maggie,Price,Patient
Kay,Baldwin,Patient
Shion,Rivers,Patient
Robert,Brockman,Patient
Art,Fane,Patient
Margaret,MacNeil,Patient
Padma,Thomas,Patient
Mike,Johnson,Patient
Thomas,Matthews,Patient
Belladonna,Thomas,Patient
Fancy,Rush,Patient
Willie,Dingle,Patient
Aniki,Leotardo,Patient
Primo,Bushell,Patient
Logan,Tao,Patient
Pilar,Adler,Patient
Sarah,Daniels,Patient
Rita,Stephens,Patient
Tania,McGrath,Patient
Joseph,Halifax,Patient
Bruce,Brown,Patient
Angela,Loeb,Patient
Emil,McCrary,Patient
Dame,McCrary,Patient
Billie,Lowell,Patient
Mitzy,Marquez,Patient
Pilar,Languish,Patient
Eloise,Evans,Patient
Mona,Brocklehurst,Patient
Cordelia,Sugden,Patient
Samantha,Heterodyne,Patient
Jack,Valentine,Patient
Dante,Fuhrey,Patient
Marvin,Dredd,Patient
Amy,Peth,Patient
Bill,Capone,Patient
Lora,Shannon,Patient
Lindsay,Anderson,Patient
Lily,Hinkley,Patient
Hannah,MacLeod,Patient
Shirley,Cork,Patient
Lora,McNulty,Patient
Bruno,Kaiba,Patient
Roberta,Leone,Patient
Anna,Arroway,Patient
Vladimir,Hiatt,Patient
John,Papandrao,Patient
Derek,Nappa,Patient
Sandy,Crane,Patient
Michael,ORourke,Patient
Alex,Riviera,Patient
Richard,Bigelow,Patient
Annie,Smart,Patient
Jack,Allgood,Patient
John,Crockett,Patient
Kima,Grissom,Patient
Katya,Fowler,Patient
Roger,Sanders,Patient
Angela,Clearwater,Patient
Naoko,Davenport,Patient
Serafina,Cooper,Patient
Mickey,Fisk,Patient
Malma,Burbage,Patient
Lyan,Heriot,Patient
Ted,Breaker,Patient
Bruno,Poppins,Patient
Polly,Bennett,Patient
Gary,Blake,Patient
Mycroft,McGee,Patient
Ricardo,Andrews,Patient
Paul,Vondopoulos,Patient
Agnes,Parkinson,Patient
Jeffrey,Pascoe,Patient
Amane,Flute,Patient
Matt,Franchetti,Patient
Terence,Gaucho,Patient
Rose,Dean,Patient
Harold,Buchanan,Patient
Dirk,Lindley,Patient
Nico,Mason,Patient
Peter,Tennan,Patient
Claire,Sprockett,Patient
Otis,Munson,Patient
Winifred,Larkin,Patient
Sam,Lester,Patient
Stella,Downs,Patient
Paul,Tau,Patient
John,McCrimmon,Patient
Morgan,Harkness,Patient
Melanie,Rook,Patient
Phryne,Milbury,Patient
Lylah,Lockwood,Patient
Mary,Matthews,Patient
Ben,Stracci,Patient
Carol,Lenox,Patient
Jane,Mars,Patient
Bo,McCoy,Patient
Peter,Robert,Patient
Kim,Petrie,Patient
Jason,Hopper,Patient
Eva,Amanda,Patient
Harry,Sofer,Patient
Lucky,Batt,Patient
Ruby,Cherrytree,Patient
Jim,Beckett,Patient
Frank,Johnson,Patient
Jane,Trivino,Patient
Lloyd,Kennedy,Patient
Temple,Starsmore,Patient
Tuppence,Russo,Patient
Eloise,Craven,Patient
Max,Sternin,Patient
Bryan,Skywalker,Patient
Cordelia,Hanson,Patient
Stephen,Hajime,Patient
Andromeda,Steiger,Patient
Danny,Magnus,Patient
Ted,OHara,Patient
Elisa,Burbank,Patient
Ezri,Petrie,Patient
Peter,Rook,Patient
David,Schultz,Patient
Belinda,Leone,Patient
Mike,Hammer,Patient
Guy,Shimura,Patient
Vance,Weathers,Patient
Mary,Knight,Patient
Joe,Snyder,Patient
Jadu,Principal,Patient
Marshal,Hawkes,Patient
Noike,Jarvik,Patient
Cedric,Morgan,Patient
Robin,McCabe,Patient
Angelica,Dalton,Patient
Vernon,Halliwell,Patient
Chuny,Jenkins,Patient
Claire,Barrie,Patient
Rocky,Kavanaugh,Patient
Juliet,Walker,Patient
Lydia,Carver,Patient
Don,Vallance,Patient
Valerie,Fraser,Patient
Melinda,Boxer,Patient
Jack,Renault,Patient
Rose,Morris,Patient
Lew,Vondopoulos,Patient
Henrieta,ORourke,Patient
Barney,Atwater,Patient
Laura,March,Patient
Jon,Landsman,Patient
Truman,Lockwood,Patient
Narcissa,Shore,Patient
Truman,Kennedy,Patient
Ernest,Poirot,Patient
Adam,Stillman,Patient
Vicki,Jonas,Patient
Kurt,Beltzer,Patient
Abe,Osborne,Patient
Violet,Arden,Patient
Kingo,Frye,Patient
Walter,Harkness,Patient
Herr,Hinkley,Patient
Buzz,Vajda,Patient
James,Ichi,Patient
Rick,Mowbray,Patient
Leona,Hernandez,Patient
Goldie,Tennan,Patient
Alice,Bennett,Patient
Cordelia,Belden,Patient
Kate,Mason,Patient
Tony,Smith,Patient
Miles,McClure,Patient
Grace,Yurinov,Patient
Katya,Sato,Patient
Samantha,Dobbs,Patient
Jessica,Kent,Patient
Victoire,Jonas,Patient
Julius,Montalbano,Patient
Lori,Warner,Patient
O-Ren,Baldi,Patient
Simon,Dresden,Patient
Lonnie,Bulstrode,Patient
Rob,Mackey,Patient
John,Hill,Patient
Janice,John,Patient
Elizabeth,Spencer,Patient
Bertha,Martin,Patient
Walburga,Masaki,Patient
Velu,Galv?n,Patient
Eben,Quest,Patient
Penelope,Taggart,Patient
Vicki,Cenva,Patient
Richard,Wyatt,Patient
Barney,Smith,Patient
Patricia,Rose,Patient
Colleen,Scott,Patient
Ann,Flowerstink,Patient
John,Grissom,Patient
Grant,Halliwell,Patient
Miles,Quince,Patient
Jeff,Powers,Patient
Adam,Hecatonchires,Patient
Nicky,Shimura,Patient
Pamela,Belden,Patient
Gil,Sigel,Patient
Gordon,Swift,Patient
Julie,Bonasera,Patient
Licio,Lupertazzi,Patient
Pablo,Treskovna,Patient
Winnie,Clock,Patient
Mickey,Heath,Patient
Lisa,Baasha,Patient
Marvin,Jaffe,Patient
Wayne,Neutron,Patient
Jane,Goodspeed,Patient
Kiriko,Baasha,Patient
Wellington,Torres,Patient
Claudia,Vimes,Patient
Celestina,Bonasera,Patient
Peter,PiNeiro,Patient
Vincent,Blackwood,Patient
Milo,Holliwell,Patient
Samantha,Dean,Patient
Mercedes,Heat,Patient
Beppe,Sigel,Patient
Nero,Archer,Patient
Joseph,Miller,Patient
Mickey,Drama,Patient
Gerard,Holloway,Patient
Mary,Bigelow,Patient
Anna,Olemaun,Patient
Hayley,McArthur,Patient
Alice,Jones,Patient
Luis,Rosenberg,Patient
Trixie,Lockwood,Patient
Louie,Wong,Patient
Frank,Anderson,Patient
Tally,Nichols,Patient
Agnes,Waterfield,Patient
Polly,Vallance,Patient
Ethan,Maureen,Patient
Roderick,Eckhart,Patient
John,Olsen,Patient
Sharon,Grissom,Patient
Natsumi,Totenkinder,Patient
Katie,Maigret,Patient
Tom,Pike,Patient
Narcissa,Hanover,Patient
Melinda,Travis,Patient
Tom,Lovegood,Patient
Teddy,Melinda,Patient
Ana,Clancy,Patient
Ismael,Brearly,Patient
Dominic,Poppins,Patient
Tony,Lamb,Patient
Kurt,Sanderson,Patient
Mrs,Willows,Patient
Hercule,Kuramitsu,Patient
Jennifer,McKinnon,Patient
Herb,Bloom-Wood,Patient
David,White,Patient
Margaret,Nolan,Patient
Amy,McFly,Patient
Cindy,Randall,Patient
Spiros,Mangel,Patient
Louie,Sydnor,Patient
Morgan,Brennan,Patient
Jessica,Owens,Patient
Emma,Brandon,Patient
Otis,Forbin,Patient
Peggy,Taylor,Patient
Ashley,Owens,Patient
Michael,Flood,Patient
Oliver,Corneo,Patient
Deanna,Shepherd,Patient
Ethel,McGillis,Patient
Mac,Noble,Patient
Ann,Todd,Patient
Constantin,Hughes,Patient
Morgan,Soong,Patient
Celeste,Galloway,Patient
Rachel,Patil,Patient
Sonny,Scott,Patient
Annie,Cackle,Patient
Marty,Cropper,Patient
Genevieve,George,Patient
Marid,Unser,Patient
Rory,Deth,Patient
Cy,Kasen,Patient
Donald,Maine,Patient
Nancy,Devane,Patient
Max,Wilson,Patient
Imogen,Carter,Patient
Kymani,Winters,Patient
Temple,Parker,Patient
Norbert,Strange,Patient
Jean,Ackland,Patient
Honey,Khan,Patient
Kingo,Haruko,Patient
Cy,Ferguson,Patient
Lily,Cooper,Patient
Moe,Russo,Patient
Don,Zatara,Patient
Bill,Erin,Patient
Miss,Holroyd,Patient
Harry,Harkness,Patient
Thomas,Pike,Patient
Dan,Boddicker,Patient
Phil,Manu,Patient
Sean,Rivers,Patient
Rosco,Brockman,Patient
Vincent,Rooney,Patient
Cash,Alvin,Patient
Mickey,Swanson,Patient
Robert,Daggett,Patient
Avon,Travis,Patient
Tsunayoshi,Cammeniti,Patient
Marcus,Jackson,Patient
Ashley,Buchanan,Patient
Gregory,White,Patient
Genesis,Hill,Patient
Holi,Greggs,Patient
Lina,Maine,Patient
Constance,Martin,Patient
Bill,Watson,Patient
Noike,Maroney,Patient
Callum,Toombs,Patient
Harry,Parkinson,Patient
Hal,Travis,Patient
Anthony,Robert,Patient
Gary,Graf,Patient
Geordi,Kiriakis,Patient
Lois,Garcia-Shapiro,Patient
Art,Wycliffe,Patient
Basil,Kolchak,Patient
Robin,Hightower,Patient
Prue,Goth,Patient
Paige,Maximoff,Patient
Boris,Krueger,Patient
Jadu,MacKenzie,Patient
Temple,Cleever,Patient
Martin,Arden,Patient
Janice,Yaga,Patient
Katie,Stillman,Patient
Suzanne,Malvern,Patient
Christine,Argyros,Patient
George,Magliozzi,Patient
Emil,Owens,Patient
Michael,Klump,Patient
Elizabeth,Martinelli,Patient
Ryan,Umbridge,Patient
Kay,Rawling,Patient
Juan,Davies,Patient
Jaenelle,Redfield,Patient
Ariel,Scribbs,Patient
Byron,Briscoe,Patient
Robin,Calvin,Patient
Peter,Hajime,Patient
Maria,Aran,Patient
Jenny,Merrova,Patient
Lydia,Millhone,Patient
Troy,Stone,Patient
Annie,Carver,Patient
Thomas,Clover,Patient
Barry,Cooper,Patient
Annie,Sanderson,Patient
Blanche,Jovanovic,Patient
Art,Franklin,Patient
Brian,Sullivan,Patient
William,Purbright,Patient
Samantha,Starsmore,Patient
Kate,Ichihara,Patient
Brut,Burbank,Patient
Adam,Piquel,Patient
Miranda,Warner,Patient
Vera,Brown,Patient
Joey,White,Patient
Mickey,Carling,Patient
Jeffrey,McGrath,Patient
Elvis,Whale,Patient
Milo,Yarby,Patient
Jaki,Granger,Patient
Luanne,Holloway,Patient
Lina,Wrack,Patient
Will,Provenza,Patient
Arjen,Punchinello,Patient
Sheila,Fraser,Patient
Anthony,Kingdom,Patient
Carmine,Greene,Patient
Helga,Peabody,Patient
Ethel,Garrick,Patient
Rita,Lang,Patient
Ted,Owens,Patient
Alan,Hardbroom,Patient
Miyuki,Moses,Patient
Andy,Vale,Patient
Morgan,Garibaldi,Patient
Spiros,Heiji,Patient
Kelly,Cropper,Patient
Art,Appleton,Patient
Paulie,Dieudonne,Patient
William,Allen,Patient
Harry,Travers,Patient
Rob,Barton,Patient
Monica,Overstreet,Patient
Clark,Smyth,Patient
Jane,McKinley,Patient
Ottilio,Burrell,Patient
Raymond,Cherrytree,Patient
Nicole,Owens,Patient
Beatrice,Wells,Patient
Didi,Sharma,Patient
Maggie,Costigan,Patient
Susan,Blake,Patient
Frank,Dalma,Patient
Robin,Fansler,Patient
Stanislaus,Schibetta,Patient
Montana,Peabody,Patient
Holt,Randall,Patient
Ricky,Clericuzio,Patient
Leland,Molly,Patient
Andy,Weasley,Patient
Drogulous,Halliwell,Patient
Peter,Khan,Patient
Dominic,Toombs,Patient
Carlos,Jason,Patient
Nikki,Halliwell,Patient
Sonny,Kirk,Patient
Elisa,Peroni,Patient
Kay,Peroni,Patient
Deirdre,Owens,Patient
Joe,Vitti,Patient
Sophie,Maxwell,Patient
Rita,De Lesseps,Patient
Jack,Henderson,Patient
Danielle,Harkness,Patient
Signor,Selden,Patient
Huma,Thomas,Patient
Stanley,Hinkley,Patient
Willow,Levinson,Patient
Ben,Dalziel,Patient
Knox,Rocco,Patient
Pardot,Smart,Patient
Daniel,Shore,Patient
Bruce,Brockman,Patient
Jenna,Crane,Patient
Leonard,Taylor,Patient
Joyce,Gallardo,Patient
Giacomo,Carver,Patient
Adam,Sugden,Patient
Carl,Sheldon,Patient
Amy,Space,Patient
Uri,Falcon,Patient
Jane,Hill,Patient
Ichabod,Tura,Patient
Phil,Sanchez,Patient
Donald,Arturo,Patient
Paul,Wolfe,Patient
Jason,Baasha,Patient
Marina,Nichols,Patient
Gary,Hufflepuff,Patient
Temple,Scott,Patient
Bill,Vallance,Patient
Sabrina,Hettie,Patient
Eve,Hughes,Patient
David,Snyder,Patient
Don,Khan,Patient
Donald,Crowley,Patient
Giacomo,Waterfield,Patient
Precious,Ashton,Patient
Signor,Forelli,Patient
Rita,Peroni,Patient
Ismael,Jonas,Patient
Eben,Corneo,Patient
Joey,Hammer,Patient
Dirk,Castang,Patient
Bruce,Corleone,Patient
Thursday,Dunham,Patient
Neju,Gaskell,Patient
Harold,Ichi,Patient
Anna,Hill,Patient
Blanche,Lewis,Patient
Henry,Rebus,Patient
Melody,Potter,Patient
Maxwell,Schultz,Patient
Billie,Webber,Patient
Jake,Owens,Patient
Hal,Cooper,Patient
Ruby,Foreman,Patient
Cresentmoon,Rizzoli,Patient
Brut,Schorr,Patient
Henry,Fairweather,Patient
Alecto,Van,Patient
Grace,Callendar,Patient
Richard,Appleton,Patient
Willow,Thoreauxe,Patient
Olga,Sugden,Patient
Woodsy,Crane,Patient
David,Milo,Patient
Will,Harvey,Patient
Bo,Halliwell,Patient
Roderick,Landsman,Patient
Juliet,Waturs,Patient
Carl,Drake,Patient
Paulie,OMalley,Patient
Claire,Summers,Patient
Ethel,Hare,Patient
Temple,Brennan,Patient
Bianca,Double,Patient
Alex,Wesley,Patient
Paul,Smyth,Patient
Gary,Bardo,Patient
Bonnie,Spinnet,Patient
Walburga,Macdonald,Patient
Reginald,Barnaby,Patient
Michael,Pratt,Patient
Marvin,Yurinov,Patient
Pilar,Dee,Patient
Stanley,Abruzzi,Patient
Mary,Owens,Patient
Ronnie,Maxwell,Patient
Donald,Corleone,Patient
Carrie,Jacobs,Patient
Alexandra,Price,Patient
Libby,Hallow,Patient
Demelza,DeLoone,Patient
Deborah,Caspar,Patient
Charlotte,Iosefa,Patient
Bruce,Castang,Patient
Janine,Lopez-Fitzgerald,Patient
Sister,Gilmore,Patient
Don,Justice,Patient
Billy,Vimes,Patient
Linda,Stillman,Patient
Joseph,Ferguson,Patient
Kirk,Trent,Patient
Amelia,Ogawa,Patient
Ernie,Dyson,Patient
Eva,Medlicott,Patient
Axel,Norris,Patient
Tom,Knight,Patient
Sam,Haruko,Patient
Anna,Erin,Patient
Quinn,Frank,Patient
Annie,Rook,Patient
Matt,Righetti,Patient
Daphne,Bennett,Patient
Ruth,Sisco,Patient
Deirdre,Cooper,Patient
Hank,Parker,Patient
Bathsheda,Kent,Patient
Orla,Cooper,Patient
Avon,Dalgliesh,Patient
Laurel,Boyce,Patient
Mike,Hamilton,Patient
Julian,Fuyutsuki,Patient
Kate,Waterfield,Patient
Lylah,Cage,Patient
Harper,de Souza,Patient
Charlie,Spica,Patient
Jake,Alvin,Patient
Betty,Hightower,Patient
Imogen,Wolfe,Patient
Dale,Kuramitsu,Patient
Maria,Scully,Patient
Jerry,Greener,Patient
Claire,Dax,Patient
John,Spuckler,Patient
Daniel,Cole,Patient
Christopher,Bigelow,Patient
Leo,Fowler,Patient
Miley,Spencer,Patient
V?ctor,Moss,Patient
Charlotte,Bat,Patient
Grant,Cragge,Patient
Jane,Preston,Patient
Sam,Sugden,Patient
Tom,Fanucci,Patient
Lily,Space,Patient
Henry,Martin,Patient
Agnes,Akagi,Patient
Cliff,Cusack,Patient
Vijay,Stein,Patient
Victoria,Brown,Patient
John,Jenkins,Patient
Lily,Ichihara,Patient
Evan,Cortez,Patient
Harry,Goodspeed,Patient
Holt,Reed,Patient
Nero,Jacobs,Patient
Mary,Strong,Patient
Pearl,Brown,Patient
Paul,MacLeod,Patient
Javier,Jordan,Patient
Kiranin,Parkinson,Patient
Samuel,Littlefield,Patient
Liz,Willing,Patient
Helena,Monaghan,Patient
Ana,Randall,Patient
Beverly,Halliwell,Patient
Annie,Denoram,Patient
Charles,Banks,Patient
Willow,Akimoto,Patient
Joe,Strepfinger,Patient
Montana,Vimes,Patient
Stephen,Cochrane,Patient
Liz,Brown,Patient
Susie,Sinclair,Patient
Shiro,Lin,Patient
Jemima,Adler,Patient
Tracy,French,Patient
Tem,Mangel,Patient
Catherine,Kendall,Patient
Rose,Soong,Patient
Timmy,Steiger,Patient
Wayne,Stewart,Patient
Oliver,Michaels,Patient
Jo,Kuramitsu,Patient
Barbara,Drill,Patient
David,Kennedy,Patient
Amy,Brennan,Patient
Karen,Halliwell,Patient
Tugg,Sydnor,Patient
Kurt,Willis,Patient
Eddie,Peroni,Patient
Ian,Leigh,Patient
Jean,Marlowe,Patient
Judy,Tanner,Patient
Susan,Wheeler,Patient
Janice,Randall,Patient
Sabrina,Kane,Patient
Cross,Kiriakis,Patient
Maia,Greener,Patient
Tim,Miller,Patient
Gail,Pianta,Patient
Daphne,Beaumann,Patient
Kazuki,Patil,Patient
Jonathan,Prefect,Patient
Olivia,Gordon,Patient
Kyle,Sanderson,Patient
Mable,Davenport,Patient
Langdale,Cole,Patient
Ellen,Hally,Patient
Bryan,Calculus,Patient
Jaki,Maroni,Patient
Gwen,Gottwald,Patient
Amy,Furudo,Patient
Orla,Shawn,Patient
Liz,Threep,Patient
Phil,Peabody,Patient
Sally,Fowler,Patient
Peter,Lane,Patient
Howard,Cortez,Patient
Tex,Robert,Patient
Tony,Crusher,Patient
Gregory,Lockwood,Patient
Dale,Sigel,Patient
Traci,Greggs,Patient
Mary,Rougemont,Patient
Moe,Smith,Patient
Henry,Stewart,Patient
Ema,Wainthropp,Patient
Natsumi,Hopper,Patient
Mendy,Farrell,Patient
Tugg,Travis,Patient
Kevin,Bonasera,Patient
Alex,Yurinov,Patient
Simon,Brown,Patient
Marcus,Garrick,Patient
Santiago,Lake,Patient
Nero,Baldi,Patient
Deborah,Fabray,Patient
Marvin,Foyle,Patient
Shane,Fraser,Patient
Sharon,Powers,Patient
Luanne,Medlicott,Patient
Doris,Morgan,Patient
Richard,Real,Patient
Jake,Adebisi,Patient
Moira,Bigelow,Patient
Isobel,Harding,Patient
Manick,Archer,Patient
Grace,Plinge,Patient
Eleanor,de Castro,Patient
Jake,Schrader,Patient
Melinda,Bell,Patient
Jay,Hastings,Patient
Tru,West,Patient
Catherine,Masaki,Patient
Ethel,Henderson,Patient
Carmine,Hunter,Patient
Billie,Beckett,Patient
Simon,Spellman,Patient
Dion,Vincent,Patient
Bruno,Sugden,Patient
Matthew,Costigan,Patient
Charles,Gonzales,Patient
Leslie,Uzuki,Patient
Bunk,Swift,Patient
David,Heath,Patient
Sally,Balta,Patient
Nicole,Shimura,Patient
John,Daniels,Patient
Antonio,Crockett,Patient
Gary,Shimura,Patient
Paige,Sparazza,Patient
Paige,Forbin,Patient
Chris,Johnson,Patient
Marid,Sanada,Patient
Leslie,Nanny,Patient
Sandra,Jackson,Patient
Ottilio,McNulty,Patient
Jessica,March,Patient
Angela,Maximoff,Patient
Kay,MacAllister,Patient
Melody,Blossom,Patient
Al,Edwards,Patient
Hannah,Arroway,Patient
Imogen,Jimmy,Patient
Walter,Morgan,Patient
Haley,Crusher,Patient
Troy,Lionel,Patient
Susan,Kolchak,Patient
Karen,James,Patient
Joe,Dingle,Patient
Nea,Brown,Patient
Carl,Gordon,Patient
Chucky,Skilbeck,Patient
Ryoko,Heath,Patient
Eva,Groan,Patient
Dolores,Davenport,Patient
Paul,Leotardo,Patient
Sal,Larsen,Patient
Laura,Hope,Patient
Barbara,Lawson,Patient
Kay,Erin,Patient
Jadzia,Vincent,Patient
Jack,Argyros,Patient
Jonathan,Willing,Patient
Jocelyn,Tate,Patient
Oliver,Hughes,Patient
Abraham,Crandall,Patient
Cash,Cunningham,Patient
Sam,Vitoller,Patient
Eddie,Elgin,Patient
Othar,McDonald,Patient
Rowena,Mann,Patient
Neil,Wildhack,Patient
Rita,Zapatti,Patient
Kelly,Aguilar,Patient
Lina,Carling,Patient
Alejandro,Greener,Patient
Jo,Reed,Patient
Wade,Hill,Patient
Sister,Chino,Patient
Chris,Carver,Patient
Alberto,Walker,Patient
Nea,Gently,Patient
Brenda,Shoop,Patient
Kate,Skye,Patient
Denise,Martin,Patient
Gregory,Barnes,Patient
John,Lang,Patient
Georgette,Page,Patient
David,Rook,Patient
Georgette,Lambert,Patient
Bruce,Lawson,Patient
Jo,Lovegood,Patient
Rick,Williams,Patient
Nessa,Flores,Patient
Nancy,Benson,Patient
Keith,MacLean,Patient
Willie,Wolf,Patient
Alan,Xavier,Patient
Gary,Harkness,Patient
Crematia,Lewis,Patient
Kay,Makibi,Patient
Lana,Glicker,Patient
Jack,Colon,Patient
Marid,Vaughn,Patient
Obidiah,Maxime,Patient
Montana,Farisi,Patient
Haruhara,Bennett,Patient
Loretta,Fraser,Patient
Harley,Thackeray,Patient
Santino,Barillo,Patient
Anna,Clouseau,Patient
Robert,Mars,Patient
Johnny,Antony,Patient
Julie,Madison,Patient
Wendell,Hunt,Patient
Velu,ONeill,Patient
Fin,OHara,Patient
David,Gently,Patient
Dusty,Manu,Patient
Ben,Tate,Patient
Deirdre,Tsuna,Patient
Joel,Orville,Patient
Sam,Wilson,Patient
Calvin,McGee,Patient
Temperance,Potter,Patient
Sybil,de Passe,Patient
Annabelle,Stackhouse,Patient
Midge,Fisher,Patient
Fred,Osborne,Patient
Eddie,Cole,Patient
Jonah,McCoy,Patient
Jane,Farley,Patient
Tochiro,Riviera,Patient
Rita,Wright,Patient
Olivia,McClure,Patient
Franz,Morris,Patient
Quinn,Dreadful,Patient
Lara,Vendrell,Patient
Bo,Wallenquist,Patient
Audrey,Owens,Patient
Jeff,Thornton,Patient
Will,Holliwell,Patient
Anna,Morrow,Patient
Tom,Jenkins,Patient
Seto,Malvern,Patient
Lily,Boxer,Patient
Suzanne,Shimura,Patient
Ella,Yurinov,Patient
Elisa,Stapleton,Patient
Charlie,Martin,Patient
Morgan,Webber,Patient
Hecky,Cragen,Patient
Molly,Scott,Patient
Norbert,Larsen,Patient
Pepper,Milly,Patient
Agnes,Meedhan,Patient
Luke,Taylor,Patient
Manick,Cao,Patient
Maia,Jovanovic,Patient
Alexx,Pigeon,Patient
Mary Jane,Owens,Patient
Benjamin,Flood,Patient
Jackson,Kennedy,Patient
Linda,Harding,Patient
Kiriko,Lockwood,Patient
Hal,Thorndyke,Patient
Tony,Baily,Patient
Mary,Kedward,Patient
Cash,Haruko,Patient
Franz,Melinda,Patient
Joe,Kennedy,Patient
Carmine,Klump,Patient
Jadu,Willows,Patient
Emilio,Maureen,Patient
Poppy,Bell,Patient
Madeline,Pargeter,Patient
Mary,Hammer,Patient
Alphonse,Carver,Patient
Sara,Harrington,Patient
Phil,Capone,Patient
Tobias,Guerrard,Patient
Salvatore,Pond,Patient
Emma,Lonnegan,Patient
Sarah,Day,Patient
Vic,Glicker,Patient
John,Kojak,Patient
Nick,Andrews,Patient
James,Harrison,Patient
Miyuki,Dayton,Patient
Constance,Jones,Patient
Olivia,Carver,Patient
Perry,Bradley,Patient
Roderick,Bottom,Patient
Jabba,Purbright,Patient
Nancy,Akagi,Patient
Aniki,Arden,Patient
James,Cortez,Patient
Frank,Maine,Patient
Al,Hardy,Patient
Amy,Travers,Patient
Andromeda,Thomas,Patient
Raymond,Mallory,Patient
Katarina,Schultz,Patient
Enos,Sanderson,Patient
Avery,Fidelma,Patient
Jennifer,Strate,Patient
Simon,Kammerer,Patient
Miss,Thickey,Patient
Charlotte,Farrell,Patient
Alice,Jacobs,Patient
Jefferson,Brockman,Patient
Anthony,Challis,Patient
Emma,Sena,Patient
Sherlock,Sidle,Patient
Maggie,Hudson,Patient
Eloise,Harman,Patient
Jack,Garlick,Patient
Donna,Powers,Patient
Carlie,Murphy,Patient
Jay,Munroe,Patient
Jimmy,Serrano,Patient
Don,Poppins,Patient
Alex,Soze,Patient
Celeste,Matthews,Patient
Angelo,Rosenberg,Patient
Fiz,Peth,Patient
Vivian,Makibi,Patient
Sharon,Flynn,Patient
Norma,Maza,Patient
Sabrina,Brown,Patient
Theo,Parkinson,Patient
Peggy,Bigelow,Patient
Zane,Wong,Patient
Roman,Gordon,Patient
Quinn,Lionel,Patient
Edward,Martin,Patient
Jessica,Hill,Patient
Endora,Lockwood,Patient
Matt,Sanderson,Patient
Harold,Weber,Patient
Tom,Martin,Patient
Valerie,Beaumann,Patient
Celeste,Breaker,Patient
Anthony,Carter,Patient
Nancy,Goren,Patient
Moses,Thackeray,Patient
Kate,Lupertazzi,Patient
Norma,Preston,Patient
Jiji,Guerrero,Patient
Sara,Alvin,Patient
Mary,Vajda,Patient
Carmine,Finskter,Patient
Truman,Mancini-Corleone,Patient
Phryne,Bones,Patient
Amy,Pitts,Patient
Nick,Lopez-Fitzgerald,Patient
David,Lonnegan,Patient
Spenser,McKay,Patient
Elsa,McAllister,Patient
Woody,Wallace,Patient
Parvati,Van Tassel,Patient
Thomas,Falcone,Patient
Pat,Halliwell,Patient
Tegan,Delacour,Patient
Ned,Thackeray,Patient
Shirley,Halliwell,Patient
Angela,Spencer,Patient
Lucky,Crane,Patient
Hannah,Smyth,Patient
Kathy,Hudson,Patient
Anna,Selwyn,Patient
Angela,Buchanan,Patient
Pansy,Morrow,Patient
William,Kent,Patient
Vinnie,Fraser,Patient
Lester,Nash,Patient
Endora,Trenton,Patient
Peter,Mannheim,Patient
Lucky,Deakins,Patient
Damon,Brennan,Patient
Tulio,Napoli,Patient
Wellington,Canlaster,Patient
Maia,Hanadarko,Patient
Hilda,Hudson,Patient
Norman,Corleone,Patient
Huma,Brocklehurst,Patient
Thomas,Morris,Patient
Ervin,Aran,Patient
James,Stillman,Patient
Jennifer,Withers,Patient
Danny,De Lena,Patient
Jaenelle,Sharpe,Patient
Chris,Drama,Patient
Irene,Murphy,Patient
Aya,Marshall,Patient
Emilio,Banks,Patient
Phyllis,Johnson,Patient
Ellie,Valentine,Patient
Joyce,White,Patient
Asuka,Gaucho,Patient
Avon,Tony,Patient
Montana,Coltrane,Patient
Billie,Haruko,Patient
Nino,Marley,Patient
Lester,Forbin,Patient
Lolly,Aguilar,Patient
Francis,Coccotti,Patient
Charity,Morrow,Patient
Nancy,Price,Patient
Bobbie,Weasley,Patient
Danny,Troy,Patient
Les,Morgan,Patient
Sarah,Brown,Patient
Sam,Carr,Patient
Donald,Sisco,Patient
Paloma,Pullman,Patient
Anna,Baker,Patient
Motoko,DeWolff,Patient
Jilli,Anneke,Patient
Loveday,Morgan,Patient
Romany,Sendo,Patient
Barbara,Peretti,Patient
Lizzie,Cropper,Patient
Danny,Nichols,Patient
Thomas,Lowe,Patient
James,Tanner,Patient
Steven,Kent,Patient
Vic,Kegedi,Patient
Kat,Corbie,Patient
Poppy,Vincent,Patient
Sunny,Crane,Patient
Prue,Suresh,Patient
Al,Merry,Patient
Bill,Willows,Patient
Faye,Zeller,Patient
Tony,Stephens,Patient
Baba,Brooke,Patient
Larry,Ferguson,Patient
Tiffany,Cao,Patient
Jonathan,McAllister,Patient
Maxim,Trivino,Patient
Karima,Franklin,Patient
Gary,Neri,Patient
Honey,Michalchuk,Patient
Philip,Nolan,Patient
Patty,Stone,Patient
Bridget,Trivino,Patient
Shion,Klump,Patient
Harry,Leotardo,Patient
Anna,Lorrison,Patient
Hal,Artisan,Patient
Alice,Milbury,Patient
Celeste,Grant,Patient
Rachel,Warner,Patient
George,Iosefa,Patient
Henrieta,Henderson,Patient
Jillian,Valentine,Patient
Joseph,Flinstone,Patient
Linda,Hope,Patient
Miyuki,Tanner,Patient
Rex,Lynley,Patient
Marvin,Bolt,Patient
Jimmy,Lewis,Patient
Anubis,Boxer,Patient
Chris,Michaels,Patient
Stanislaus,Cavanaugh,Patient
Don,Haruko,Patient
Diane,Briscoe,Patient
Steven,Urameshi,Patient
Rose,MacKenzie,Patient
Claire,Dahl,Patient
Charles,Denovitz,Patient
Danielle,Summers,Patient
Maria,Duncan,Patient
Eglantine,Bigelow,Patient
Harold,Maraschino,Patient
Alex,Rosenberg,Patient
Theo,Garlick,Patient
Roland,Hanover,Patient
Holly,Grant,Patient
Agatha,Brandon,Patient
Jane,Halliwell,Patient
John,Cooper,Patient
Mandy,Munroe,Patient
Kay,Treskovna,Patient
Lisa,Summers,Patient
Cully,Billa,Patient
Elvis,Kaiser,Patient
Hannah,Wyms,Patient
Temple,Shapandar,Patient
Andrew,Peace,Patient
Alice,Provenza,Patient
Tess,Frobisher,Patient
Joe,Waterman,Patient
Marid,Randall,Patient
Roman,Banzai,Patient
Van,Davenport,Patient
Julie,Whitlock,Patient
Jack,Goren,Patient
Al,Travis,Patient
Dol,Justice,Patient
Jimmy,Stiles,Patient
Septima,Davies,Patient
Tony,Milbury,Patient
Emmett,DiGeorge,Patient
Meyer,Bell,Patient
Lester,Taylor,Patient
Tracy,Omovich,Patient
Don,Clouseau,Patient
Hannah,Lewis,Patient
Hannah,Stewart,Patient
Ri,DAmato,Patient
Temple,Davies,Patient
Tom,Meacham,Patient
Rei,Scotts,Patient
Manick,Bergman,Patient
Roger,Sears,Patient
Thomas,Redfield,Patient
Bathilda,Doggett,Patient
Rhonda,Vane,Patient
Penny,Eckhart,Patient
John,Devine,Patient
Jimmy,Barret,Patient
Ray,Hoare,Patient
Henry,Starr,Patient
Lao,Elms,Patient
Parvati,Cochrane,Patient
Millicent,Deane,Patient
Darcy,Klump,Patient
Don,Baily,Patient
Honey,Tyler,Patient
Michael,Falcon,Patient
Amy,Clock,Patient
Saito,Tony,Patient
Jim,Grant,Patient
Harry,Dalton,Patient
Mallory,Eckhart,Patient
Jake,Gravelli,Patient
Alex,Roland,Patient
Ronnie,Mace,Patient
Johnny,Jackson,Patient
Fleur,Becker,Patient
Becky,Kiriakis,Patient
Justine,Sena,Patient
Frank,Mason,Patient
Miguel,Whitlock,Patient
Meyer,Holden,Patient
Genevieve,Anderson,Patient
Arnold,Tate,Patient
Ottilio,Smirnoff,Patient
Hans,Yang,Patient
Chris,Pargeter,Patient
Alberto,Bennett,Patient
Peter,Olivaw,Patient
Achille,Travis,Patient
Gillian,Pensky,Patient
George,Gudmundsdottir,Patient
Lucinda,Royle,Patient
Paul,Bluenight,Patient
James,Gordon,Patient
Tubby,Sacrimoni,Patient
Chris,Prentiss,Patient
Georgina,Spratt,Patient
Beanie,Thackeray,Patient
Grant,Kelso,Patient
James,Reilly,Patient
Neville,Porlock,Patient
Norman,Scott,Patient
Mary,Sinistra,Patient
Harmony,Leigh,Patient
Darryl,Che,Patient
Donald,Preston,Patient
Don,Vargas,Patient
Harper,Ogawa,Patient
Nero,Chandler,Patient
Olympe,Shore,Patient
Paul,Sagdiyev,Patient
Irene,Arden,Patient
Don,Thorndyke,Patient
Chris,Crosby,Patient
Fenella,Connolly,Patient
Judy,Harris,Patient
Henrieta,Lawson,Patient
Willow,Boyle,Patient
Peggy,Marvin,Patient
Vislor,Stape,Patient
Roderick,Sun,Patient
Alan,Skye,Patient
Mable,Daniels,Patient
Eddie,Flynn,Patient
Alejandro,Omovich,Patient
Alex,Carlyle,Patient
Walter,Jones,Patient
Gil,Lowrey,Patient
Kathryn,Hallow,Patient
Bill,Russo,Patient
Wilfred,Russo,Patient
Carlito,Bek,Patient
Miles,Chang,Patient
Violet,Webber,Patient
Arnold,Burnett,Patient
Curtis,Ichi,Patient
Isobel,Taylor,Patient
Claire,Parkinson,Patient
Gabrielle,Longbottom,Patient
Nico,Espinosa,Patient
Will,Pancamo,Patient
Tristan,Kelso,Patient
David,Soprano,Patient
Sally,McPherson,Patient
Callum,Rosetta,Patient
Massimo,Vincent,Patient
Deirdre,Baley,Patient
Alexei,Banzai,Patient
Nick,Serizawa,Patient
Matthew,Patil,Patient
Laszlo,Kaiba,Patient
Donna,Tennison,Patient
Escobar,Fansler,Patient
Dick,Thomas,Patient
Eddie,Gharty,Patient
Howard,Warbeck,Patient
Carl,Costigan,Patient
John,Martin,Patient
Thomas,Moreland,Patient
Larry,Swirling,Patient
Shaz,Maud,Patient
Calleigh,Fabray,Patient
Allan,Stewart,Patient
Doris,Page,Patient
Primo,Drew,Patient
Laura,Soran,Patient
Sam,Bek,Patient
Georgette,Brown,Patient
William,De Lena,Patient
Irene,Cooper,Patient
Helga,Strange,Patient
Dale,Tan,Patient
Holland,Tam,Patient
Bernard,Goren,Patient
Patty,Williams,Patient
Simon,Boyce,Patient
Jack,McArthur,Patient
Nancy,Desmond,Patient
Garryn,Archer,Patient
Achille,Ozaki,Patient
Beppe,Rajasthan,Patient
Vance,Leigh,Patient
Miss,Page,Patient
Gerard,Church,Patient
Rory,Komov,Patient
Betty,Waterman,Patient
Paul,Garrick,Patient
Ralph,Cropper,Patient
Miles,Belov,Patient
Curro,Mephesto,Patient
Ryoko,Akagi,Patient
Alberto,Bradley,Patient
Jaki,Meacham,Patient
Genesis,Ravenclaw,Patient
Maia,Sprout,Patient
Haiku,Dundee,Patient
Kline,Fortune,Patient
Kay,Falcone,Patient
Seaton,Flute,Patient
Andy,Rosewood,Patient
David,Halliwell,Patient
Nick,Corleone,Patient
Evan,Clearwater,Patient
Catherine,Sun,Patient
John,Thackeray,Patient
Fiz,Shawn,Patient
Ethel,Brearly,Patient
Victoria,Grant,Patient
Liz,Miller,Patient
Jack,Soran,Patient
Tom,Rigazzi,Patient
Christine,Tabootie,Patient
Alexei,Brockman,Patient
Beanie,Frankenstein,Patient
Alan,Beckett,Patient
Barney,Hudson,Patient
Carlos,Manu,Patient
Doris,McGrew,Patient
Artemus,Scott,Patient
Adam,Ryan,Patient
Buckaroo,Volsky,Patient
Walter,Dean,Patient
Adam,Spelvin,Patient
Katie,Shoop,Patient
Peggy,Fraser,Patient
Eva,Redfield,Patient
Alejandro,Hally,Patient
Sunny,White,Patient
Melanie,Patil,Patient
Rocco,Montford,Patient
Kevin,Meeks,Patient
Jerry,Heath,Patient
Huma,Fansler,Patient
Leo,Ravenclaw,Patient
David,Hufflepuff,Patient
Miyuki,Handley,Patient
Bo,Perry,Patient
Steven,Bottoms,Patient
Peter,Carter,Patient
Jesse,Purebred,Patient
Kirk,Delacour,Patient
Gail,Spellman,Patient
David,Falken,Patient
Frederick,Bagshot,Patient
Philip,Fellowes,Patient
Ivy,Evans,Patient
Sister,Allan,Patient
Molly,Wesker,Patient
Montgomery,Kasen,Patient
Stone,Barton,Patient
Jack,Bain,Patient
Lindsay,Summers,Patient
Mary,Sanchez,Patient
Mona,Fox,Patient
Lily,Angie,Patient
Todd,Nash,Patient
Reiko,Maximoff,Patient
Renfield,Caspar,Patient
Kate,Dobbs,Patient
Stanley,Rockford,Patient
Sabrina,Spellman,Patient
Bernard,Brown,Patient
Andy,Graham,Patient
Dayne,Decker,Patient
Steve,Alpert,Patient
Maureen,Maximoff,Patient
Tim,Lee,Patient
Donald,Morgan,Patient
George,Vendrell,Patient
Jennifer,Cruger,Patient
Chan,Snyder,Patient
William,Pike,Patient
Sasha,Bonasera,Patient
Eddie,Winslow,Patient
Kay,Brearly,Patient
George,Vallance,Patient
Billie,Pancamo,Patient
Enrique,Trudeau,Patient
Tony,Halliwell,Patient
Linda,St. Clare,Patient
Dwight,Barolli,Patient
Albert,Rojo,Patient
Elsie,Fier,Patient
Betsy,Matthews,Patient
Jim,Poppins,Patient
Eddie,Bigelow,Patient
Giacomo,Webber,Patient
Blanche,Barnes,Patient
Melanie,Beaumann,Patient
Alicia,Nichols,Patient
Justin,Caine,Patient
Pepper,Cameron,Patient
Ellen,Corneo,Patient
Kima,Woods,Patient
Marcus,Wallander,Patient
Lilly,Banzai,Patient
Alexei,Reardon,Patient
Dol,Forelli,Patient
Lucy,Granger,Patient
Eva,Wong,Patient
Sue,Fett,Patient
Temperance,Wright,Patient
Sherlock,Corneo,Patient
Michael,Sakatsu,Patient
Axel,Trenton,Patient
Joel,Takata,Patient
Amy,Trapani,Patient
Melvyn,Bergman,Patient
Rory,Lopez-Fitzgerald,Patient
Laura,Peroni,Patient
Arnold,McCrary,Patient
Alex,Cantropus,Patient
Jimmy,Henderson,Patient
Victor,Peroni,Patient
Barney,Scarett,Patient
Miranda,Aching,Patient
Clarence,Decker,Patient
Sister,Taylor,Patient
Elizabeth,Peroni,Patient
Billie,Anneke,Patient
Eloise,Enrico,Patient
Roderick,Dean,Patient
Ray,Ravenclaw,Patient
Frank,Tai,Patient
Victor,Corneo,Patient
Sandy,Lindley,Patient
Aki,OHara,Patient
Dave,Launer,Patient
Dickie,Decker,Patient
Jonathan,Cortez,Patient
Norbert,Spellman,Patient
Saito,Wesker,Patient
Nymphadora,Kingdom,Patient
George,Lemansky,Patient
Toby,Crabbe,Patient
Luke,Sugden,Patient
Anthony,Graf,Patient
Paul,Kennedy,Patient
Daisuke,Dax,Patient
Maggie,Kohran,Patient
Paulie,Yang,Patient
Theo,White,Patient
Fenella,Tribbiani,Patient
Willow,Frye,Patient
David,Morrow,Patient
Juliet,Wong,Patient
Jean,Banzai,Patient
Keyser,Trivino,Patient
Aya,Barclay,Patient
Willow,Burdock,Patient
Kima,Mowbray,Patient
Blanche,Clancy,Patient
Georgina,Lynch,Patient
Kate,Calvin,Patient
Cooper,Powers,Patient
Ted,Barnfather,Patient
Mihoshi,Eckhart,Patient
Giacomo,Double,Patient
Giacomo,MacAllister,Patient
Martin,OBrien,Patient
Martin,Astin,Patient
Peter,Thornton,Patient
Travis,Harrison,Patient
Dale,Hardbroom,Patient
Hilda,Green,Patient
Jules,Xavier,Patient
Jo,Robbins,Patient
Dale,Brockman,Patient
Mark,Bain,Patient
Miguel,Fabray,Patient
Wilfred,Lane,Patient
Signor,Pulaski,Patient
Enos,Sage,Patient
Jack,Bennett,Patient
Nelson,Ray,Patient
Martha,Lake,Patient
Faye,Mephesto,Patient
Doran,Heath,Patient
Hilda,Halliwell,Patient
Jo,St. Clare,Patient
James,Vector,Patient
Liz,Owens,Patient
Doris,Rambeau,Patient
Vijay,Kennedy,Patient
Guido,Kirk,Patient
Billie,Seaton,Patient
Bumpy,Hort,Patient
Harmony,Tachikawa,Patient
Becky,Halliwell,Patient
Woody,Granger,Patient
Angela,Indermill,Patient
Sister,Lilly,Patient
Trevor,Richards,Patient
Raoul,Guarnaccia,Patient
Kevin,Vimes,Patient
Walter,Maxwell,Patient
Andy,Sugden,Patient
Patricia,Cooper,Patient
Sarah,Hare,Patient
Hestia,Quirk,Patient
Armando,Riggs,Patient
Citan,Morgan,Patient
Shane,Peroni,Patient
Harper,Rabbit,Patient
Betty,Stephens,Patient
Joyce,Turner,Patient
Kelly,Kalman,Patient
Charles,Trent,Patient
Arnold,Hill,Patient
Rajesh,Riggs,Patient
Don,Medlicott,Patient
Boris,Tsuna,Patient
Miranda,Blossom,Patient
Ezri,Patil,Patient
Bob,Zarkov,Patient
Moe,Tsuna,Patient
Gary,Principal,Patient
Peyton,McGraw,Patient
Citan,Seaton,Patient
John,Scott,Patient
Carmine,Cropper,Patient
Polly,Sakatsu,Patient
Maggie,Hallow,Patient
Luanne,Matthews,Patient
Hannah,Price,Patient
Violet,Bardo,Patient
James,Piquel,Patient
Ray,Nagre,Patient
Angelo,Turlough,Patient
Shaz,Manu,Patient
Jay,Prentiss,Patient
Celestina,Givens,Patient
Kate,Fowler,Patient
Olivia,Sullivan,Patient
Thomas,Shimura,Patient
June,Rojas,Patient
Cameron,Bigelow,Patient
Sam,Mott,Patient
Harry,Halliwell,Patient
Jacques,Major,Patient
Alec,Thomas,Patient
Billie,Ichi,Patient
Woody,Franklin,Patient
Joss,McGee,Patient
Darcy,Windsor-Dingle,Patient
Jo,Marple,Patient
Lavender,Battersby,Patient
Jean,Frevisse,Patient
Penelope,Cooper,Patient
Moe,Alexander,Patient
Rance,Kynes,Patient
Beatrice,Brocklehurst,Patient
Daniel,Gallardo,Patient
Anna,Vane,Patient
Ruth,Buckton,Patient
Martin,Huang,Patient
Deanna,Shirogane,Patient
Shinwell,Williams,Patient
Kurt,Halliwell,Patient
Ronnie,Ravenclaw,Patient
Mabel,DiGeorge,Patient
YUko,Randall,Patient
Spenser,Tam,Patient
Tiola,Bluenight,Patient
Polly,Yurinov,Patient
Katie,Haruko,Patient
Willie,Moorehead,Patient
Jackie,Granger,Patient
Jaenelle,Granger,Patient
Nancy,Ashton,Patient
Alex,Walker,Patient
Meyer,Iosefa,Patient
Leyla,Lamb,Patient
Teresa,Maitland,Patient
Christina,Kuramitsu,Patient
Alejandro,Mellie,Patient
Gary,Rivers,Patient
Julian,Hightower,Patient
Miles,Cooper,Patient
Julie,Hallow,Patient
Roger,Hale,Patient
Eddie,Pond,Patient
Kiyone,Wildhack,Patient
Jack,Bennett,Patient
Tania,Gorbovsky,Patient
Jim,Nicolavic,Patient
Vijay,Scotts,Patient
Alejandro,Vecchio,Patient
Winifred,Cunningham,Patient
Harry,Tribbiani,Patient
Joe,Lonnegan,Patient
Carlton,Ohayon,Patient
Yuri,Lazarus,Patient
Ricardo,Lupertazzi,Patient
Hal,Caliban,Patient
Bonnie,McGrew,Patient
Chuck,Hawker,Patient
Didi,DAmico,Patient
Curtis,Troy,Patient
Kirk,Marley,Patient
Barney,Littlefield,Patient
Nessa,Garrett,Patient
Tom,Lopez,Patient
Lucky,Crusher,Patient
Jack,Anderson,Patient
Kim,Morris,Patient
Vito,Boddicker,Patient
Raymond,MacLean,Patient
Paul,Noble,Patient
Artemus,Freeman,Patient
Paul,Cork,Patient
Emmett,Guarnaccia,Patient
Bernard,Fortunato,Patient
Lisbeth,Kennedy,Patient
John,Gently,Patient
Seamus,Szalinski,Patient
Tony,Lassiter,Patient
Grace,Otley,Patient
Ben,Seaton,Patient
Oscar,Snyder,Patient
Mel,Knight,Patient
Will,Sallis,Patient
Fred,Caneili,Patient
Miguel,Campbell,Patient
Sister,Trenton,Patient
Narcissa,Zapatti,Patient
Vijay,Buchanan,Patient
Rose,Kegedi,Patient
Alan,Lionel,Patient
Grace,Aguilar,Patient
Imogen,Bukater,Patient
Otis,Valentine,Patient
Nero,Patterson,Patient
Tom,Noble,Patient
Hetty,Trent,Patient
Tem,Rain,Patient
Ward,Thorne,Patient
Amanda,LoPresti,Patient
Callum,Ranall,Patient
Velu,Dyson,Patient
Dodo,Maxime,Patient
Adam,Chesterfield,Patient
Jeff,Kolchak,Patient
Hestia,Ward,Patient
Jonathan,Bluenight,Patient
Christine,Treskovna,Patient
BElanna,Rivers,Patient
Tiola,Selden,Patient
Jack,Williams,Patient
Callum,Dorsey,Patient
Jason,Johnson,Patient
Eva,Green,Patient
Haruhara,Akagi,Patient
Sacha,Murphy,Patient
Will,Marlowe,Patient
Jeff,OHara,Patient
Chris,Saint,Patient
Jay,Hojo,Patient
Arnold,Manetta,Patient
Maureen,Starr,Patient
William,Dresden,Patient
Fleur,Thackeray,Patient
Ray,Tabootie,Patient
Johnny,Selwyn,Patient
Domenica,McCall,Patient
Chris,Cardenas,Patient
Nisha,Donnelly,Patient
Claire,Van Buren,Patient
Laura,Rockford,Patient
Mark,Patil,Patient
Jadu,Wilson,Patient
George,Parker,Patient
Anna,Lord,Patient
Veronica,Diamond,Patient
Michael,McNab,Patient
Harry,Martin,Patient
Angua,Maza,Patient
Guido,Lopez,Patient
John,Kennedy,Patient
Richard,Palmi,Patient
Linda,Holloway,Patient
Steve,Veeteren,Patient
Vladimir,Sternin,Patient
Norma,Kennedy,Patient
Ottilio,Alleyn,Patient
Peter,Schibetta,Patient
Tom,Fabray,Patient
Gary,Elliot,Patient
Virginia,Next,Patient
Goldie,Pensky,Patient
Ellen,Willows,Patient
Jocelyn,Principal,Patient
Roman,Parker,Patient
Noonien,Kane,Patient
Doris,Vale,Patient
Jennifer,Whitefield,Patient
Dante,McKay,Patient
Elvis,Cruger,Patient
Veronica,Maroni,Patient
Lloyd,Fortune,Patient
Ted,Haruko,Patient
Bill,Granite,Patient
Mercedes,Shotwell,Patient
James,Hamilton,Patient
Tex,Stein,Patient
Sonny,Adler,Patient
Poppy,Zasa,Patient
Norton,Sanders,Patient
Constance,Luthor,Patient
Mike,McCoy,Patient
Nick,White,Patient
Ana,Scully,Patient
Bobbie,Hudson,Patient
Mona,Melinda,Patient
Vincenzzo,Khan,Patient
Lester,Hill,Patient
Sara,Lerrol,Patient
Julian,Tam,Patient
Raoul,White,Patient
Rodney,Guarnaccia,Patient
Bridget,Morgan,Patient
Leona,Gray,Patient
Tom,Allen,Patient
Mallory,Davies,Patient
Haruhara,Stenbeck,Patient
Fenella,Languish,Patient
Reginald,Prefect,Patient
Tierney,Halliwell,Patient
Jean,Trivino,Patient
Chris,Dedede,Patient
Avon,Kobayakawa,Patient
Jane,Anderson,Patient
Doris,Heat,Patient
Andy,Tutuola,Patient
Stephen,Grissom,Patient
Leslie,Lime,Patient
Liz,Crandall,Patient
Chris,Johnson,Patient
John,McNab,Patient
Johnny,Daniels,Patient
Briareos,Dash,Patient
Caroline,Lorrison,Patient
Claudia,Fairweather,Patient
Signor,Temple,Patient
Hank,Cao,Patient
Willow,Lovegood,Patient
Naomi,Heriot,Patient
Kelly,Morton,Patient
Rachel,Johnson,Patient
Richard,Wing,Patient
Elijah,Forelli,Patient
Annie,Barclay,Patient
Stanislaus,Mancini-Corleone,Patient
Hal,Douglas,Patient
Don,Robinson,Patient
Joey,Brunetti,Patient
Craig,Frye,Patient
Willow,Thirteen,Patient
Imogen,Falcone,Patient
Thomas,Taylor,Patient
Raylan,Mallory,Patient
Kay,Romantica,Patient
Doris,Stillman,Patient
Glorietta,Zucco,Patient
Anthony,Anneke,Patient
Kara,Lockwood,Patient
Riley,Fett,Patient
Shion,Lonnegan,Patient
Clark,Wright,Patient
Alphonse,Lockwood,Patient
Kouzou,Daystrom,Patient
Elizabeth,Johnson,Patient
Donna,Brea,Patient
Fenella,Donnelly,Patient
Theo,Wallace,Patient
Borat,Cortez,Patient
Gala,Zarkov,Patient
Jack,Valentine,Patient
Vickie,Vincent,Patient
Ethel,Matthews,Patient
Jonathan,Tremulous,Patient
Sam,Carr,Patient
Joe,Halliwell,Patient
Casanova,Parker,Patient
Basil,Potter,Patient
Doris,Sakatsu,Patient
Curtis,Mephesto,Patient
Angua,Spratt,Patient
Ana,Sprout,Patient
Carrie,Cooper,Patient
Rita,Tachikawa,Patient
Mickey,Zaluchi,Patient
Jane,Maclay,Patient
Hecky,Vimes,Patient
Don,Lamb,Patient
Olivia,Michaels,Patient
Walter,Bennett,Patient
Kay,Sanada,Patient
Artemus,Bergman,Patient
Carlie,Cooper,Patient
Stanley,Baley,Patient
Richard,Valentine,Patient
Daniel,Maxwell,Patient
Jin,Mephesto,Patient
Fleur,Brooke,Patient
Martin,Atwater,Patient
Leslie,Corneo,Patient
Silvio,Mitchell,Patient
Roy,Kojak,Patient
Franz,Denton,Patient
Lindsay,Daniels,Patient
Lisa,Riggs,Patient
Nino,Haruko,Patient
Alecto,Burdock,Patient
Vivian,Strepfinger,Patient
Mildred,Fitzgerald,Patient
Astrid,Fletcher,Patient
Dorrie,Brennan,Patient
Blake,Fabray,Patient
Sister,Spade,Patient
Keith,Omovich,Patient
Katarina,Decker,Patient
Stanislaus,MacLean,Patient
Alecto,Goodspeed,Patient
Zen,Bennett,Patient
Aric,Possible,Patient
Claire,Talbot,Patient
Alexx,Dieudonne,Patient
Gene,Rawls,Patient
Joseph,Yang,Patient
Amos,Harris,Patient
Julian,OHara,Patient
Cedric,Green,Patient
Neil,Peroni,Patient
Rose,Hoare,Patient
Samantha,Harald,Patient
Anna,Carr,Patient
Jerry,Carver,Patient
Mike,Clarke,Patient
Lindsay,Short,Patient
Martin,Soran,Patient
Cameron,Moss,Patient
Jake,Morgan,Patient
Paul,Stacy,Patient
Daisy,Smyth,Patient
Hilda,Fowler,Patient
Caesar,Magliozzi,Patient
Paul,Millman,Patient
Evan,Turnbull,Patient
Sara,Kusanagi,Patient
Tony,Jenkins,Patient
Cherry,Morris,Patient
Jo,Baily,Patient
Lloyd,Morrow,Patient
Dan,Zasa,Patient
Fred,Petrie,Patient
Tiffany,Cortez,Patient
Amy,Scott,Patient
Reed,Cuneo,Patient
Charity,Flinstone,Patient
Nicky,Chino,Patient
Diane,Carr,Patient
Simon,Drew,Patient
Jack,Gideon,Patient
Lilith,Cropper,Patient
Jennifer,Mieux,Patient
Angua,Brown,Patient
Laura,Dennis,Patient
Thomas,Smart,Patient
Baba,Omovich,Patient
Phil,McCall,Patient
Frank,Lane,Patient
Michael,Space,Patient
Joseph,McKinnon,Patient
King,Sugden,Patient
Terry,DAmico,Patient
Anita,Haruko,Patient
Mel,Willing,Patient
Angela,Reilly,Patient
Paul,Cobb,Patient
Artemus,Riggs,Patient
Casanova,Petrelli,Patient
Artemus,Orwell,Patient
Cassie,Maroni,Patient
Martha,Boddicker,Patient
Margaret,Hare,Patient
Katie,Wexford,Patient
Hyman,Moses,Patient
Ellery,La Forge,Patient
Dilys,Zapatti,Patient
Donna,McGrath,Patient
Elijah,OHara,Patient
Olivia,Garland,Patient
Ben,Lawson,Patient
Edward,Eckhardt,Patient
Hildegarde,Channing,Patient
Karen,Cooper,Patient
Calleigh,Goth,Patient
Poppy,Lerrol,Patient
Marcello,Sparazza,Patient
Loveday,Young,Patient
Wilson,Bennett,Patient
Clark,Miller,Patient
Jack,PiNeiro,Patient
Sam,Sprockett,Patient
David,Hammer,Patient
Morgan,Johnson,Patient
Ben,Stanfield,Patient
Sophie,Costigan,Patient
Ann,Halifax,Patient
Ronnie,Sanderson,Patient
Hayley,Ridolph,Patient
Trinity,Vecchio,Patient
Bertha,Halliwell,Patient
Dotty,Van Tassel,Patient
Turanga,Havers,Patient
Jadu,Littlefield,Patient
Emily,Chester,Patient
Fiz,Foster,Patient
Deunan,Rojo,Patient
Helga,Burns,Patient
Ben,Cavor,Patient
Garryn,Brown,Patient
Viola,Redfield,Patient
Genesis,Barton,Patient
Primo,Adams,Patient
V?ctor,Caxton,Patient
Andy,Cage,Patient
Dodo,Levinson,Patient
Maria,Angie,Patient
Vito,Cacuzza,Patient
Sybill,Van,Patient
Warren,Knight,Patient
John,Chino,Patient
Maia,Uzuki,Patient
Ella,Jones,Patient
Tim,Holliwell,Patient
Mickey,Tachikawa,Patient
Cameron,Spellman,Patient
Jean,Caxton,Patient
Milo,Fairfax,Patient
James,Ogg,Patient
Doran,Graham,Patient
Jack,Hawker,Patient
Mickey,Riley,Patient
Stringer,Bottom,Patient
Dan,Falfa,Patient
Cedric,De Lena,Patient
Buzz,Hare,Patient
Anthony,Manu,Patient
Jesse,Guarnaccia,Patient
Dirk,Banner,Patient
Susie,Brand,Patient
Naoto,Nordbo,Patient
Fred,Denoon,Patient
Bigby,Vallance,Patient
Luanne,Spano,Patient
Joe,Weir,Patient
Gemma,Matthews,Patient
Sam,Lang,Patient
Gennady,Kammerer,Patient
Stella,Lino,Patient
Hyman,Tonks,Patient
Sasha,Grace,Patient
Zenigata,Kobayakawa,Patient
Alexandra,Spelvin,Patient
William,Snyder,Patient
Curtis,Douglas,Patient
Mickey,Yamamoto,Patient
Luis,Smythson,Patient
Susan,Yurinov,Patient
Sam,Hernandez,Patient
Deanna,Spano,Patient
Alan,Winslow,Patient
Tubby,Coltrane,Patient
Carmen,Seymour,Patient
James,Frost,Patient
Fred,Requer,Patient
Vance,Vincent,Patient
Leyla,Croft,Patient
Henry,Bottom,Patient
Isaac,Tanner,Patient
Lindsay,Malvern,Patient
Santiago,Urth,Patient
Alejandro,Vane,Patient
Shirley,Feverfew,Patient
Norton,Corsi,Patient
Shiro,Taylor,Patient
Hayley,Holmes,Patient
Quito,Delaware,Patient
Mickey,Chesterton,Patient
Mable,Halliwell,Patient
Abi,Dax,Patient
Quinn,Jones,Patient
Darcy,Donahue,Patient
David,ONeill,Patient
Stone,Granite,Patient
Pomona,Barclay,Patient
Lucy,Leon,Patient
Nino,Sturgis,Patient
Nohar,Taylor,Patient
Todd,Harland,Patient
Mark,Zatara,Patient
Dayne,Flowerstink,Patient
Phoebe,Piper,Patient
William,Harrison,Patient
Henry,Shepherd,Patient
Carol,Havers,Patient
Frank,Lassard,Patient
Lloyd,Brocklehurst,Patient
Don,Dawson,Patient
Gwen,Russo,Patient
Toby,Napier,Patient
Gennady,Lerrol,Patient
Marty,Ventura,Patient
Sharon,ORourke,Patient
Karen,Buchanan,Patient
Matt,Day,Patient
Cross,Marquez,Patient
Joel,Torini,Patient
Armando,Cox,Patient
Roger,Caffery,Patient
Oliver,Olemaun,Patient
Andy,Wainthropp,Patient
Dick,Sykes,Patient
Calleigh,Russell,Patient
Leo,Neutron,Patient
Molly,Mackey,Patient
Jimmy,Sanderson,Patient
Eddie,Sawyer,Patient
Mona,Stape,Patient
Andy,Havers,Patient
Brynn,Fabray,Patient
Cresentmoon,Fleming,Patient
Buckaroo,Baxter,Patient
Gus,Torres,Patient
Walter,Rush,Patient
Faye,Wilde,Patient
Juliet,Ravenclaw,Patient
Margaret,Allen,Patient
Silvio,Silvermane,Patient
Freddie,De Lena,Patient
Tom,Robins,Patient
Moira,Holmes,Patient
Darryl,Soze,Patient
Andy,Tanner,Patient
Jackson,Clancy,Patient
Benton,Space,Patient
Anton,Scott,Patient
Max,OMalley,Patient
Victoria,Ramotswe,Patient
Victor,Matthews,Patient
Frank,Canlaster,Patient
Lizzie,Frankie,Patient
Silvio,Profitt,Patient
Georgina,Henderson,Patient
Tem,Johnson,Patient
Ben,Atwater,Patient
Joe,Trevelyan,Patient
Rosco,Burns,Patient
Anthony,Arden,Patient
Ruby,Pike,Patient
Georgina,Lorrison,Patient
Kinman,Brunetti,Patient
Salvo,Kiriakis,Patient
Vincent,Lopez,Patient
Rachel,Boxer,Patient
Gary,Dyson,Patient
Jessica,Sidle,Patient
Naoko,Winterbourne,Patient
Paige,Gibson,Patient
Gillian,Cuneo,Patient
Stone,Polin,Patient
Sabrina,Shaw,Patient
Molly,Hammer,Patient
Imogen,Maxwell,Patient
Cho,Malvern,Patient
Rose,Marie,Patient
Miles,Sinclair,Patient
Julian,Tura,Patient
Penny,Sugden,Patient
Mona,Pynchon,Patient
Phil,Wayne,Patient
Ian,Hutt,Patient
Spiros,Leotardo,Patient
Aki,Rook,Patient
Jocko,Weir,Patient
Augusta,Oldstagh:,Patient
Norton,Suresh,Patient
Penny,Thomas,Patient
Constance,Rebus,Patient
Judy,Halliwell,Patient
Gil,Taylor,Patient
Kaye,Cressie,Patient
China,Ishii,Patient
Ronnie,Luthor,Patient
Madeline,Tojo,Patient
Justin,Fuse,Patient
Selsdon,Rubini,Patient
Curtis,Fraser,Patient
Tania,Travis,Patient
Shahrukh,Quince,Patient
Gregory,Garlick,Patient
Beanie,Ravenclaw,Patient
Cassie,Rockford,Patient
Danny,Ramsey,Patient
Andy,Rook,Patient
Sonny,Carter,Patient
Uri,Lionel,Patient
Hagbard,Audran,Patient
Hannah,Calvin,Patient
Tochiro,Drum,Patient
Marietta,Banzai,Patient
Eddie,Diamond,Patient
Imogen,Jackson,Patient
Bibi,Crane,Patient
John,Tau,Patient
Sabrina,Vajda,Patient
Jessica,Talbot,Patient
Matt,Lupertazzi,Patient
Donald,Adams,Patient
Lara,Lang,Patient
David,Costigan,Patient
Rick,Thorne,Patient
Noonien,Cardenas,Patient
Chick,West,Patient
Cross,Bennett,Patient
Sal,Flinstone,Patient
Michael,Dallas,Patient
Tobias,Robbins,Patient
Sam,Rooney,Patient
Anita,Bennett,Patient
Donna,Dax,Patient
Angelica,Brockway,Patient
Luanne,Matthews,Patient
Asa,Burdock,Patient
Christopher,Brockman,Patient
Art,Mars,Patient
Sam,Gaskell,Patient
Ethel,Gordon,Patient
John,Grainger,Patient
Charity,Hana,Patient
Sam,Atwater,Patient
Stan,Webster,Patient
Sabrina,Goren,Patient
Jenny,Petrie,Patient
Haruhara,Thomas,Patient
Vicki,Jorkins,Patient
Sarah,Hunter,Patient
Lisbeth,Hill,Patient
Reginald,Vaughn,Patient
Rose,Ray,Patient
Willie,Wesker,Patient
Elsa,Robert,Patient
Vera,Cackle,Patient
Frederick,Jones,Patient
Clark,Preston,Patient
Kakihara,Threep,Patient
Bumpy,Rosenberg,Patient
Septima,Melfi,Patient
Pilar,Halliwell,Patient
Bill,Shand,Patient
Signor,Redding,Patient
Carlos,ONeill,Patient
Cordelia,Peabody,Patient
Constantin,Anneke,Patient
Kelly,Rosenberg,Patient
Mona,Dahl,Patient
Vito,Powell,Patient
Alexei,Brocklehurst,Patient
Darcy,Osborne,Patient
Jango,Pitts,Patient
Julius,Grant,Patient
Alice,Rosenburg,Patient
Rose,March,Patient
Abe,Littlefield,Patient
David,Wolf,Patient
Harry,Stewart,Patient
Helen,Jaffe,Patient
Stephanie,Inverse,Patient
Paige,Randall,Patient
Jason,Jovanovic,Patient
Cuthbert,Omovich,Patient
Wilson,Foster,Patient
Art,Canfield,Patient
Peggy,Rivers,Patient
Annie,Halliwell,Patient
Ethel,Brewer,Patient
Judy,de Passe,Patient
Primo,Harding,Patient
Paige,Lynch,Patient
Wendell,Brown,Patient
Chris,Sanders,Patient
Margo,MacGyver,Patient
Max,Spencer,Patient
Nero,Nayagan,Patient
Paul,Magnus,Patient
Leslie,Che,Patient
Stuart,Branning,Patient
Jean,Logan,Patient
Kirk,Archer,Patient
Temple,Wylie,Patient
Samantha,Blossom,Patient
Chucky,Miller,Patient
Stanislaus,Swann,Patient
Sabrina,Leon,Patient
Henrieta,Trelawney,Patient
Jay,Camonte,Patient
Tyra,Sugden,Patient
Peri,Guarnaccia,Patient
Julian,Kaiser,Patient
Luanne,Chino,Patient
Sabrina,Scarpetta,Patient
Vic,Pinzolo,Patient
Keziah,Greengrass,Patient
Woodsy,Mitchell,Patient
Vera,Jeffries,Patient
Jean,Brannigan,Patient
Kyle,Banzai,Patient
Nicky,Klump,Patient
Matt,Flinstone,Patient
Ray,Jackson,Patient
Rainier,Adamsberg,Patient
Georgina,Pierce,Patient
Hailey,Pomfrey,Patient
Hayley,Hufflepuff,Patient
Celestina,Harrison,Patient
Eddie,Potts,Patient
Deborah,Threep,Patient
Vijay,Jury,Patient
Sam,Martin,Patient
Anthony,Pullman,Patient
Cross,Milo,Patient
Buck,Wilde,Patient
Charity,Langshaw,Patient
John,Handford,Patient
Griselda,Ash,Patient
Gina,Lenox,Patient
Maureen,Mallory,Patient
Randy,Lucas,Patient
Luanne,Makibi,Patient
James,McCartney,Patient
Erika,Dobbs,Patient
Frances,Kobayakawa,Patient
Anita,Holroyd,Patient
Lou,Lockwood,Patient
Wanda,Boyle,Patient
Haleh,Johnson,Patient
Alexei,Schillinger,Patient
Giacomo,Serrano,Patient
Frank,Blake,Patient
Aki,Lopez,Patient
Quinn,Witherdale,Patient
Buffy,Burdock,Patient
Stan,Nappa,Patient
Emil,Macdonald,Patient
Laura,Lockwood,Patient
Emil,Engarde,Patient
Robert,Vargas,Patient
Kay,Sanderson,Patient
Jacqueline,Dalma,Patient
Cyrus,Sisco,Patient
Vance,Harrington,Patient
Eloise,Ravenclaw,Patient
Agnes,Grant,Patient
Amanda,Lino,Patient
Luanne,Bukater,Patient
Anna,Talbert,Patient
Jane,Shumway,Patient
Ziva,Corbie,Patient
Kelly,Vendrell,Patient
Tristan,Blossom,Patient
Fred,Thomas,Patient
Ernie,Lane,Patient
Peter,Nelson,Patient
Imogen,Miller,Patient
Angela,Sosa,Patient
Todd,Sanderson,Patient
Patricia,Lawson,Patient
George,Thompson,Patient
Hercule,Hills,Patient
Holt,Cod,Patient
Paul,Zarkov,Patient
Eddie,Forrester,Patient
Chris,Morgan,Patient
Yusuke,Preston,Patient
Elisa,Carver,Patient
Benjamin,LeStrange,Patient
Harry,McGraw,Patient
Jo,Sugden,Patient
Shiro,Thorne,Patient
Richard,Flinstone,Patient
Victor,Fleming,Patient
Dirk,Ozaki,Patient
Isabel,Crabtree,Patient
Georgia,Crockford,Patient
Phil,Wylie,Patient
Kat,Jones,Patient
Tem,Dawson,Patient
Ernestine,Sherwood,Patient
Imogen,OBrien,Patient
Jane,Zatara,Patient
Abe,Hamilton,Patient
Sarah Jane,Hastings,Patient
Norine,Quirke,Patient
Elvis,Murphy,Patient
Harriet,Platter,Patient
Karen,Skeeter,Patient
Paul,Rocco,Patient
Yuri,Provenza,Patient
Faye,Langshaw,Patient
Leland,Trudeau,Patient
Jack,Lynch,Patient
Casanova,Cartwright,Patient
Enrique,Smyth,Patient
Nino,Maroni,Patient
Edward,Donnelly,Patient
Hyman,Corleone,Patient
Jake,Burrell,Patient
Maria,Spencer,Patient
Jonathan,Sionis,Patient
Blair,von Uberwald,Patient
Harper,Benson,Patient
Sharon,Nanny,Patient
Wendy,Orlock,Patient
Peter,Wallace,Patient
Andy,Lopez,Patient
Constance,Atwater,Patient
Barry,Mephesto,Patient
Don,McCrary,Patient
Luna,Vondopoulos,Patient
Cross,Salieri,Patient
Jay,Doland,Patient
Tyra,Chaplet,Patient
Jack,Waterfield,Patient
Vernon,Beckett,Patient
Don,Brady,Patient
Lou,Ichi,Patient
Henry,Fuhrey,Patient
Rachel,Grainger,Patient
Robert,Spratt,Patient
Alan,Kohran,Patient
Achille,Cameron,Patient
King,Brady,Patient
Russell,Gabriel,Patient
Margaret,Levinson,Patient
Zane,Che,Patient
Kira,Nitt,Patient
George,Riggs,Patient
Don,Starveling,Patient
Kurt,Bash,Patient
Robin,McAllister,Patient
Laszlo,Hastings,Patient
Marid,Stewart,Patient
Horatio,Roberts,Patient
Laurel,Potts,Patient
David,Riviera,Patient
Sarah,Thevenet,Patient
Lynn,Willing,Patient
Yosh,McPherson,Patient
Ed,Rearden,Patient
Walter,Rockatansky,Patient
Jackson,Martinelli,Patient
Fin,Jimmy,Patient
Elizabeth,Del Toro,Patient
Sonia,St. Clare,Patient
Sal,Barolli,Patient
Zatanna,Tyrell,Patient
Kay,Swanson,Patient
William,Fairhead,Patient
Brad,Parker,Patient
Angela,Kingdom,Patient
Hillary,Miller,Patient
Chick,Ash,Patient
Lloyd,Brockman,Patient
Charlie,Cooper,Patient
Jimmy,Gabriel,Patient
Tess,Kobayakawa,Patient
Rex,Ortega,Patient
George,Costello,Patient
Celestina,Hathaway,Patient
Libby,Taylor,Patient
Marcus,Jackson,Patient
Peri,Taylor,Patient
Don,Lockwood,Patient
Frau,Cherrytree,Patient
Norine,Wexford,Patient
Max,Taggart,Patient
Holly,Bennett,Patient
Phil,Belden,Patient
Debra,Seaton,Patient
Tuppence,Hardbroom,Patient
Eddie,McGrew,Patient
Antonia,Greenaway,Patient
James,Frye,Patient
Boris,Maroni,Patient
Tara,Beaumann,Patient
Tom,Kelso,Patient
Vicki,Rush,Patient
Harry,Dallas,Patient
Sam,Moss,Patient
Thomas,Xavier,Patient
Mike,Larsen,Patient
Jiveshwar,Evans,Patient
Jo,Mallory,Patient
Mel,Bell,Patient
Jadu,Cantillon,Patient
Maynard,Von,Patient
Emma,McClure,Patient
Louis,Drama,Patient
Slam,De Lena,Patient
Jimmy,Wylie,Patient
Hecky,Stone,Patient
Melody,Roberts,Patient
Alan,Clouseau,Patient
Victor,Sinclair,Patient
Mark,Abbot,Patient
Linda,Shayne,Patient
Damian,Robins,Patient
Tony,Smiley,Patient
Walter,Bachchan,Patient
Guy,Miller,Patient
Joey,Dorsey,Patient
Georgina,Knight,Patient
Dana,Pekkala,Patient
Montana,Skadi,Patient
Kim,Pullman,Patient
Lyan,Skelton,Patient
Maia,Freeman,Patient
Walter,Spade,Patient
Artemus,Knight,Patient
Stringer,Thirteen,Patient
Christine,Lester,Patient
Wilfred,Sugden,Patient
Sal,Tsujimoto,Patient
Paul,Omovich,Patient
Mel,Bloom-Wood,Patient
Rick,Franklin,Patient
John,Mitchell,Patient
Jane,Stockmann,Patient
Midge,Hope,Patient
Gillian,Munroe,Patient
Kay,Benson,Patient
Rex,MacLeod,Patient
Dorrie,Wright,Patient
Alan,Strange,Patient
Lena,Takata,Patient
Rob,Waturs,Patient
Jean,Doyle,Patient
Cross,Denoon,Patient
Benton,Sigel,Patient
Martha,Swoop,Patient
Iris,Grant,Patient
Mary,Bukater,Patient
Doris,Scotts,Patient
Christine,Massey,Patient
Chris,DAmico,Patient
Tom,McNab,Patient
Peter,Spellman,Patient
Elvis,Costello,Patient
Ema,ORourke,Patient
Marvin,Queen,Patient
Madeline,Umbridge,Patient
Tom,Quince,Patient
Lloyd,Tate,Patient
Quinn,De Lesseps,Patient
Henry,Jackson,Patient
Wilfred,Vane,Patient
Cordelia,Bayles,Patient
Charmian,Mieux,Patient
Sabrina,Mancini-Corleone,Patient
Paul,Stracci,Patient
George,Givens,Patient
Doris,Cao,Patient
Amelia,Forbin,Patient
Eddie,Skye,Patient
Harry,Dean,Patient
Melinda,Henderson,Patient
Charles,Tony,Patient
Thomas,Ravenclaw,Patient
Jacques,Cropper,Patient
James,Dundee,Patient
Cal,Boxer,Patient
Minerva,Ravenclaw,Patient
Tiffany,McCrary,Patient
Vivian,Harding,Patient
Anna,Burnett,Patient
Sharona,Skye,Patient
Robert,Spellman,Patient
Joe,Iverson,Patient
Enid,Granger,Patient
Nick,Rivers,Patient
Rose,Peretti,Patient
Lisa,Lodge,Patient
Fleur,Pekkala,Patient
Dirk,Jackson,Patient
Frank,Dennis,Patient
Jesse,Justice,Patient
Deirdre,Sugden,Patient
Sabrina,Lopez-Fitzgerald,Patient
Sophie,Dunlap,Patient
Eve,Harland,Patient
Kaye,Spelvin,Patient
Lucky,Allen,Patient
Richie,Gharty,Patient
Sheldon,John,Patient
Damian,Winslow,Patient
Domenico,Glicker,Patient
Jimmy,Wong,Patient
John,Lee,Patient
Trixie,Banzai,Patient
Lisbeth,Evans,Patient
Alex,John,Patient
Jiji,Caprice,Patient
Tom,Falcon,Patient
Kurt,Jones,Patient
Velu,Bennett,Patient
Georgina,Carver,Patient
Antonio,Oyama,Patient
Ronnie,Dingle,Patient
Jason,Walker,Patient
Ford,Templin,Patient
Peter,Canfield,Patient
Van,Franchetti,Patient
Frank,Brockman,Patient
Michael,Zatara,Patient
David,Beckett,Patient
David,Dennis,Patient
Santino,Bennett,Patient
Jenna,Barton,Patient
Hari,Andonuts,Patient
Simon,Brockway,Patient
Alex,Angelline,Patient
Sonny,von Uberwald,Patient
John,Colbert,Patient
Olympe,Brady,Patient
Sonya,Owens,Patient
Shinwell,Brady,Patient
Charlie,Barclay,Patient
Charlie,Ripstein,Patient
Mickey,Fidelma,Patient
Charity,Roland,Patient
Vicki,Masucci,Patient
Madeline,Brady,Patient
Harley,Tryggvassen,Patient
Chris,Kelling,Patient
Agnes,Cackle,Patient
Linda,Lawson,Patient
Sheldon,Dalton,Patient
Rachel,Aguilar,Patient
Ben,Tennison,Patient
Amanda,Owens,Patient
Santino,Hawker,Patient
Montana,Chaudury,Patient
Bridget,Wakeman,Patient
Benton,Rooney,Patient
Jadzia,Magliozzi,Patient
Catherine,Bennet,Patient
George,Scott,Patient
Nancy,Fish,Patient
Faye,Leigh,Patient
Martha,Costigan,Patient
Monica,Andrews,Patient
Ruth,Bottoms,Patient
Gary,Mephesto,Patient
Motoko,Scotts,Patient
Jennifer,Meacham,Patient
Anna,Edgecombe,Patient
Sue,Grant,Patient
Ellen,Miller,Patient
Daniel,Schibetta,Patient
Vijay,Spellman,Patient
Daphne,Tsuna,Patient
Sara,Townsend,Patient
Harold,Bowles,Patient
Karen,Veeteren,Patient
Snapper,DiMera,Patient
Fred,Malcolm,Patient
Sarah Jane,Jones,Patient
Linda,McDonald,Patient
Aurora,Pezzini,Patient
Marty,Chesterton,Patient
Kymani,Robbins,Patient
Victor,Vimes,Patient
Rita,Page,Patient
Andy,Guarnaccia,Patient
Charles,Barclay,Patient
Dale,Snyder,Patient
Christy,Bennett,Patient
Sara,Eckhart,Patient
Avon,Neri,Patient
Tolian,Bennet,Patient
Rose,McDonald,Patient
Alexandra,Allan,Patient
Leonid,Barnfather,Patient
Antonio,Cork,Patient
Norman,Halliwell,Patient
Stanislaus,Drew,Patient
James,Sinclair,Patient
Norton,Hubbard,Patient
Victor,Morris,Patient
Brenda,Lockwood,Patient
Daphne,Lester,Patient
Tom,Dundee,Patient
Hetty,Smith,Patient
Jack,Higby,Patient
James,Petrie,Patient
Hal,Cabot,Patient
Tom,McHuwen,Patient
Ted,Marvin,Patient
Tony,Harrington,Patient
Mike,Parrish,Patient
Alan,Billa,Patient
Minami,McArthur,Patient
Matthew,Dagg,Patient
Akira,Henderson,Patient
Thora,Crane,Patient
Francis,Stone,Patient
Leona,Bennett,Patient
Agnes,Dresden,Patient
Tem,LeStrange,Patient
Peter,Dawson,Patient
Tyler,Sanchez,Patient
Raymond,Mannheim,Patient
Roland,Sweets,Patient
Misty,Elms,Patient
Kit,Carlos,Patient
Julie,Hawker,Patient
Shawn,Brockway,Patient
Caesar,Malfoy,Patient
Roland,Lewis,Patient
Ethan,Glicker,Patient
Elvis,Royle,Patient
Brick Top,OBannon,Patient
Agnes,Diehl,Patient
Carmine,Capone,Patient
Hal,Lino,Patient
Gabriel,Price,Patient
Jake,Bradley,Patient
Kelly,Landsman,Patient
Theo,Lopez-Fitzgerald,Patient
Ronnie,Wong,Patient
Stella,Owens,Patient
Basil,Milestone,Patient
Philip,Reardon,Patient
Geordi,Trapani,Patient
Fleur,Mannheim,Patient
Jimmy,Brown,Patient
Cross,Dingle,Patient
Patty,White,Patient
Theo,Vimes,Patient
Jack,Cherrytree,Patient
Thomas,Larkin,Patient
Margaret,Hammond,Patient
Kurt,Hedley,Patient
Oswald,Handley,Patient
Louie,Moorehead,Patient
Rob,Lockwood,Patient
Larry,Adams,Patient
Grant,Whitefield,Patient
Juliet,Harkness,Patient
Sophie,Vale,Patient
Ray,Blossom,Patient
Oliver,Licalsi,Patient
Alex,McGonagall,Patient
Victor,Wildhack,Patient
Madeline,Skye,Patient
Spats,Buchanan,Patient
Beanie,Celine,Patient
Ronnie,Turtle,Patient
Haiku,Lang,Patient
Elizabeth,Blake,Patient
Barbara,Mitchell,Patient
Art,Ranall,Patient
Craig,Havers,Patient
Clayton,White,Patient
Jane,Freeman,Patient
Sandy,Cutting,Patient
Celestina,Ross,Patient
Helena,Stokes,Patient
Stefano,Gabriel,Patient
Endora,Raynor,Patient
Sean,OMalley,Patient
Tabitha,Bek,Patient
Jimmy,Stewart,Patient
Chucky,Schwarzheimer,Patient
Epiphany,Spuckler,Patient
Rory,Blair,Patient
Margo,Clarke,Patient
Matthew,Frankenstein,Patient
Tom,Fitz,Patient
Jane,Langton,Patient
Kris,Lupertazzi,Patient
Andy,Lopez-Fitzgerald,Patient
James,Farley,Patient
Jocelyn,Erin,Patient
Dolores,Rosenberg,Patient
Harry,Leone,Patient
Millicent,Sawyer,Patient
Tony,White,Patient
Jake,Stewart,Patient
Joey,Montford,Patient
Lonnie,Lonnegan,Patient
Daphne,Hughes,Patient
Sarah,Pike,Patient
Agnes,Jessup,Patient
Yuri,Churchill,Patient
Melanie,Urameshi,Patient
Leander,Xavier,Patient
Lydia,Graf,Patient
Larry,Malvern,Patient
Henri,Belski,Patient
Haruhara,Stillman,Patient
Naoto,Martin,Patient
Lilly,Zarkov,Patient
Melinda,Gilmore,Patient
Herr,Hoare,Patient
Maureen,von Uberwald,Patient
Belladonna,Thomas,Patient
Fenella,Christe,Patient
Delores,French,Patient
Noriyasu,Robbins,Patient
Sigrid,Margo,Patient
Charlotte,Poppins,Patient
Marlo,MacGyver,Patient
Cassie,Warren,Patient
Corrado,Capone,Patient
Kate,Jenkins,Patient
Hayley,Polin,Patient
Wayne,FUnke,Patient
Lisa,Maraschino,Patient
Axel,Denton,Patient
Linda,Moorehead,Patient
Turanga,Meeks,Patient
Ed,Coltrane,Patient
Maria,Travis,Patient
Isabella,Taylor,Patient
Manick,Smythson,Patient
Al,Lewis,Patient
Michael,Che,Patient
Lloyd,Birkin,Patient
Jack,McArthur,Patient
Al,Heat,Patient
Kima,Chandler,Patient
Neil,Cale,Patient
Agnes,Stottlemeyer,Patient
Megan,Barzini,Patient
Don,Sunen,Patient
Patty,Klump,Patient
Eddie,Weathers,Patient
Carlos,Lionel,Patient
John,McAllister,Patient
Jo,Schultz,Patient
Delores,Sydnor,Patient
Demelza,Quirk,Patient
Mel,Carlos,Patient
Anna,Kennedy,Patient
Laura,Wilcox,Patient
Arnold,Clearwater,Patient
Olivia,Bean,Patient
Billie,Temple,Patient
Fred,Dingle,Patient
Temple,Valentine,Patient
Art,Sindone,Patient
Mabel,Sahid,Patient
Kay,Kolchak,Patient
Linda,Burton,Patient
Lady,Jarvik,Patient
Tom,Leone,Patient
Robyn,Cathers,Patient
Sara,Meredith,Patient
Hailey,Cabot,Patient
Gianni,Disher,Patient
Angua,Halliwell,Patient
Jake,De Lena,Patient
Jack,McLaren,Patient
Samantha,Beckett,Patient
Bernard,Grant,Patient
Haruhara,Billa,Patient
Ann,Turtle,Patient
Nataria,Welles,Patient
Amelia,Aitoro,Patient
Jesse,Vimes,Patient
Damon,Fairfax,Patient
Antonio,Donovan,Patient
George,Kane,Patient
Alexandra,Holroyd,Patient
Emily,Levinson,Patient
Blanche,Deane,Patient
Dotty,Jones,Patient
Jim,Mephesto,Patient
Jay,Tanner,Patient
Ema,Edgecombe,Patient
Roger,Burbank,Patient
Margo,Swoop,Patient
Jean,Davenport,Patient
Carrie,Spellman,Patient
Linda,Jackson,Patient
Julien,Chino,Patient
Kelly,Wylie,Patient
Lennie,Zatara,Patient
Megan,Taylor,Patient
Richard,Threep,Patient
Don,Doggett,Patient
Emma,Robbins,Patient
Nikki,Fox,Patient
Lily,Zatara,Patient
Jim,Milo,Patient
Frankie,Thomas,Patient
Bolivar,Randall,Patient
Will,Chandler,Patient
Hal,Kaiser,Patient
Carmel,Espinosa,Patient
Angela,James,Patient
Kate,Campbell,Patient
Nancy,Thackeray,Patient
Clark,Lonsdale,Patient
Kenny,Serizawa,Patient
Michael,Tabootie,Patient
Linda,Bayles,Patient
Loveday,Repulsa,Patient
Tem,Moreland,Patient
Loretta,Iverson,Patient
Anna,Millhone,Patient
Domenica,Orlock,Patient
Phyllis,Stackhouse,Patient
Nicky,Prefect,Patient
Anthony,Scully,Patient
Jacques,Croydon,Patient
Te,Trenton,Patient
Nataria,Midgen,Patient
Caesar,Iosefa,Patient
Sybel,Crane,Patient
Stuart,McFly,Patient
Ian,Iosefa,Patient
Bolivar,Lockwood,Patient
Edgar,Vector,Patient
Thomas,LeStrange,Patient
Henry,Cobb,Patient
Rico,Hillard,Patient
Tuppence,Tsuna,Patient
Milo,Wesley,Patient
Sally,Sternbergen,Patient
Leslie,Farley,Patient
Harriet,Turner,Patient
Tuppence,Clericuzio,Patient
George,Carlyle,Patient
Hoshi,Blocksberg,Patient
Leo,Sullivan,Patient
Rose,Pond,Patient
Linda,Sharma,Patient
Temple,Tsujimoto,Patient
Quinn,Drew,Patient
Sunny,Burrell,Patient
Jackie,Dingle,Patient
Miss,McDonald,Patient
Joyce,Thackeray,Patient
Sonia,Baley,Patient
Elisa,Clock,Patient
Sydney,Stewart,Patient
Tabitha,Grant,Patient
Ronnie,Thorne,Patient
Douglas,Owens,Patient
Jim,Stewart,Patient
Mycroft,Fitz,Patient
Malik,Burdock,Patient
Kazuki,Hoare,Patient
Sara,Johnson,Patient
Basil,Brockman,Patient
Mickey,Spellman,Patient
John,Waterfield,Patient
Lucky,White,Patient
Jean,Clue,Patient
Alex,Peabody,Patient
Kate,Malfoy,Patient
Dorian,Vondopoulos,Patient
Ben,Mephesto,Patient
Brooke,Ogawa,Patient
Quinn,Walker,Patient
Andrew,Reilly,Patient
Lilly,Parkinson,Patient
Giacomo,Randall,Patient
Rose,Lowe,Patient
Carmine,Speedman,Patient
Reginald,George,Patient
Billie,Barrie,Patient
Betty,Thomas,Patient
Paige,Dean,Patient
Mary,Sun,Patient
Frederico,Lerrol,Patient
Celestina,Principal,Patient
Billie,Neutron,Patient
Thomas,Soap,Patient
Blake,McGrath,Patient
Carlos,Harrison,Patient
Chucky,Brikowski,Patient
Richard,Wildhack,Patient
Ted,Powers,Patient
Bruno,Knight,Patient
Chris,Kitka,Patient
Grant,Hernandez,Patient
Marsellus,Falcone,Patient
Adam,Freamon,Patient
Penelope,Gordon,Patient
Jill,Jorkins,Patient
Betty,Petrie,Patient
Peter,Dean,Patient
Abe,Ogawa,Patient
Alex,Burbage,Patient
Constance,Dahl,Patient
Jack,Stark,Patient
Sara,Sawyer,Patient
Carmine,Willing,Patient
Diana,Hoare,Patient
Martin,LeStrange,Patient
Bill,Dax,Patient
Michael,Bruckshot,Patient
Buddy,Sugden,Patient
Jimmy,Boyd,Patient
Harvey,di Marco,Patient
Arjen,Kent,Patient
Chen,Robert,Patient
Jin,Vaughn,Patient
Joyce,Walker,Patient
Curro,Preston,Patient
Kathy,Channing,Patient
Leon,Macdonald,Patient
Henry,Spellman,Patient
Sam,Mills,Patient
Sam,Redfield,Patient
Emma,Stape,Patient
Peri,Soran,Patient
Rose,Spano,Patient
Giacomo,Greer,Patient
Javier,Snout,Patient
Georgina,Jones,Patient
Frank,Masucci,Patient
Frank,Aceveda,Patient
Mona,Taylor,Patient
Andy,Allan,Patient
Veronica,Stottlemeyer,Patient
Joe,Daggett,Patient
Maxim,Grayson,Patient
Harry,Fife,Patient
Marty,Fox,Patient
Adelaide,Xavier,Patient
Rose,Vincent,Patient
Gregory,Seldon,Patient
Tex,Roth,Patient
Sam,Carver,Patient
Jules,Baily,Patient
Ryuichiro,Taylor,Patient
Patricia,Prefect,Patient
Simon,Vimes,Patient
Tristan,Pomfrey,Patient
Goldie,Forbin,Patient
Jack,Sprockett,Patient
Ronnie,Pulaski,Patient
John,Tura,Patient
Romilda,Hayes,Patient
Tara,Stanton,Patient
Malma,Cooper,Patient
Annie,Schwartz,Patient
Claire,Leone,Patient
Melinda,Vitti,Patient
Jacques,Kojak,Patient
Salvatore,Torres,Patient
Miranda,Grant,Patient
Quinn,Wayne,Patient
Phoebe,Fraser,Patient
Lyla,Swansong,Patient
Peter,Tully,Patient
Cal,Savage,Patient
June,Smart,Patient
Vincent,Otley,Patient
Harry,Bigelow,Patient
Rachel,Michaels,Patient
Wellington,Fitz,Patient
Jaki,Tutuola,Patient
Angela,Mitchell,Patient
Samuel,Cherrytree,Patient
Liz,Moss,Patient
Vislor,Sagdiyev,Patient
Peter,Meedhan,Patient
Cross,Halliwell,Patient
Jennifer,Holden,Patient
Rex,Clericuzio,Patient
Imogen,Parrish,Patient
Peter,Moses,Patient
Annie,Thackeray,Patient
Gary,Banks,Patient
Stella,Martin,Patient
Peter,Alvarez,Patient
Chris,Graham,Patient
George,Malfoy,Patient
Eddie,Fowler,Patient
Ginevra,Hufflepuff,Patient
Samantha,Blossom,Patient
Tony,Double,Patient
Chris,Brockman,Patient
Sabrina,Preston,Patient
Stephen,Corrigan,Patient
Julia,Fleming,Patient
Claudia,Dean,Patient
Don,Brown,Patient
Mel,Maximoff,Patient
Mona,Manu,Patient
Cletus,Punchinello,Patient
Signor,Johnson,Patient
Lina,Cox,Patient
Paul,Mitchell,Patient
Gary,Burdock,Patient
Tyra,Shannon,Patient
Frank,Owens,Patient
Ella,Lupo,Patient
Lloyd,Nesmith,Patient
Victoria,Lindell,Patient
Jake,Addy,Patient
Celestina,De Lesseps,Patient
Miss,Marvin,Patient
Kenny,Milbury,Patient
Achille,Thomas,Patient
Thomas,Newman,Patient
Tara,Anders,Patient
Aldo,Lang,Patient
Mrs,Rothstein,Patient
Kelly,Corleone,Patient
Ana,Price,Patient
Mercedes,Jordan,Patient
Janice,Crane,Patient
Harmony,Halliwell,Patient
Didi,Smyth,Patient
Maggie,Lane,Patient
Thora,David,Patient
Callum,Johnson,Patient
Brian,McEvoy,Patient
Georgina,OMalley,Patient
Stuart,Caprice,Patient
Lucky,Ramsey,Patient
Les,Rudd,Patient
Adam,McFly,Patient
Shvaughn,Torini,Patient
Kurt,OHara,Patient
Deborah,Johnson,Patient
Eddie,Hammer,Patient
Justine,Grant,Patient
Mike,Levinson,Patient
Don,Mason,Patient
Jasmine,Corinthos,Patient
Christine,Waturs,Patient
Bernard,Drake,Patient
Elisa,Molly,Patient
Paul,Johnson,Patient
Misao,Thorndyke,Patient
Beppe,Parrish,Patient
Sam,Pike,Patient
Delores,Nanny,Patient
Eddie,Greene,Patient
Jimmy,Anderson,Patient
Nancy,Spofford,Patient
Jean-Baptiste,Bass,Patient
Indiana,Iosefa,Patient
Jack,Flinstone,Patient
Rosco,McGraw,Patient
Hecky,Diaz,Patient
Vito,Falconeri,Patient
Sabrina,Adams,Patient
Brick,Nederlander,Patient
Katarina,Bush,Patient
Chris,Vargo,Patient
Rose,Davies,Patient
Ben,Cooper,Patient
Erica,Grant,Patient
Virginia,Starr,Patient
Julio,Lawson,Patient
Lyan,Haruko,Patient
John,Anderson,Patient
Tom,Arrowsmith,Patient
Evan,Raynor,Patient
Tom,Freamon,Patient
Frederick,Van Helsing,Patient
Helen,Breaker,Patient
Brian,Lopez-Fitzgerald,Patient
Polly,Shawn,Patient
Garryn,Handley,Patient
Mashisu,Wildhack,Patient
Angelo,Prentiss,Patient
Haruhara,Bones,Patient
Marcus,Landsman,Patient
Jiveshwar,Frobisher,Patient
Alexandra,Mortem,Patient
Pearl,Schwarzburger,Patient
Casanova,Tsuna,Patient
Jane,Daniels,Patient
Anna,Wilcox,Patient
Kay,Sanderson,Patient
Jim,Grant,Patient
Arjen,Blake,Patient
Ford,Owens,Patient
Roman,Claibourne,Patient
Ben,Fraser,Patient
Andy,Stone,Patient
Jack,Ridolph,Patient
John,Lejeune,Patient
Deborah,Alvin,Patient
Martin,Overstreet,Patient
Magrat,McAllister,Patient
Piper,Lawson,Patient
Sam,Moss,Patient
Casanova,Littlefield,Patient
Lloyd,Matthews,Patient
Paul,Lord,Patient
Harmony,Brockman,Patient
Harris,Green,Patient
Louie,Capone,Patient
Will,Fabray,Patient
Aric,Rosewood,Patient
Vito,Fabray,Patient
Jadu,Hare,Patient
Veronica,Bradley,Patient
Jefferson,Falcone,Patient
Sara,Tojo,Patient
Norine,Hudson,Patient
Pat,Owens,Patient
Daneel,Garrett,Patient
Sarah,Blake,Patient
Harry,Beckett,Patient
Don,Space,Patient
Constance,Dresden,Patient
Sophie,Taggart,Patient
Mihoshi,Mortem,Patient
Cameron,Carrow,Patient
Joyce,Adrienne,Patient
Bridget,Milestone,Patient
Freddy,Starsmore,Patient
Rex,Holmes,Patient
Shion,Fairweather,Patient
Thomas,Lindley,Patient
Indiana,Peabody,Patient
Chloe,Milly,Patient
Joseph,Graham,Patient
Emily,Lindstrom,Patient
Benjamin,Ka-kui,Patient
William,Scotts,Patient
Katya,Delacour,Patient
Katie,Matthews,Patient
Carl,Scotts,Patient
Alex,Anderson,Patient
Rupert,Kane,Patient
Robin,Sanchez,Patient
Elvis,Babbling,Patient
Jerry,Powers,Patient
Grace,Halliwell,Patient
Phil,Waturs,Patient
Jamie,Pianta,Patient
Bernard,Halifax,Patient
Henry,Huang,Patient
Sunny,Torres,Patient
Maleen,Maxwell,Patient
Willow,Shand,Patient
Joe,Disher,Patient
Burr,Page,Patient
Philip,Donahue,Patient
Mickey,MacAllister,Patient
Deirdre,Rizzoli,Patient
Maria,Storin,Patient
Johnny,McAllister,Patient
Brooke,Fairhead,Patient
Linda,Flood,Patient
Jack,di Marco,Patient
Leona,Lopez-Fitzgerald,Patient
John,Witherdale,Patient
Mercedes,Randall,Patient
Trevor,Schwarzburger,Patient
Miyuki,Wyms,Patient
Jack,Underwood,Patient
Goldie,Jones,Patient
Philip,Hojo,Patient
Magrat,Ogawa,Patient
Duncan,Bosch,Patient
Rita,Skye,Patient
Thomas,Brown,Patient
Neely,Jameson,Patient
Andy,Roland,Patient
Tess,Cooper,Patient
Angela,Page,Patient
Imogen,Jones,Patient
Quinn,Johnson,Patient
Tommy,Stottlemeyer,Patient
Peter,Treskovna,Patient
Stephen,Summers,Patient
Connie,Vallance,Patient
Alan,Davis,Patient
Vera,Gottwald,Patient
Vislor,Ichi,Patient
Polly,Bindweed,Patient
Lex,Tabak,Patient
George,Sena,Patient
BElanna,Franklin,Patient
Guy,Lodge,Patient
John,Kendall,Patient
Agnes,Barkley,Patient
Annie,MacKenzie,Patient
Al,Brownlee,Patient
Jean-Baptiste,Jenkins,Patient
William,Jones,Patient
Moe,Waters,Patient
Neely,Kolchak,Patient
Alan,Cameron,Patient
Diane,Randall,Patient
Molly,Moonshine,Patient
Carmine,Fabray,Patient
Caesar,Nessman,Patient
Mimi,Pearle,Patient
Nikki,Cackle,Patient
Annabelle,Henry,Patient
Nohar,Lamb,Patient
Charity,Tanner,Patient
Elisa,Parrish,Patient
Sarah,Caxton,Patient
Angela,Arden,Patient
Celeste,Sydnor,Patient
Phil,Lang,Patient
Lloyd,Edgecombe,Patient
Jackie,McAllister,Patient
Daniel,Scott,Patient
Lizzie,Poirot,Patient
Midge,Taylor,Patient
Victoire,Heriot,Patient
Mercedes,Littlefield,Patient
David,Orlock,Patient
Bruce,Barzini,Patient
Augusta,Decker,Patient
Will,Crane,Patient
Agnes,Appleton,Patient
Apolline,Graf,Patient
Marty,McGee,Patient
Gwen,Jonas,Patient
Hannah,Short,Patient
Robin,Bennet,Patient
George,Rockford,Patient
Anthony,Landsman,Patient
Olga,Cruz,Patient
Simon,Heriot,Patient
Penelope,McGrath,Patient
Wayne,Maximoff,Patient
Daphne,Lovelace,Patient
Katrina,Maigret,Patient
Dayne,Lynch,Patient
Eddie,Wagenbach,Patient
Jack,Stone,Patient
Thomas,Ramsey,Patient
Aric,Tucker,Patient
Tulio,Hastings,Patient
Doris,White,Patient
Artemus,Vogelsang,Patient
Monica,Sagdiyev,Patient
Vincent,Ross,Patient
Guy,Kruse,Patient
Peter,Lynley,Patient
Caitlin,Shumway,Patient
Briareos,Rosetta,Patient
Mickey,Ross,Patient
Noonien,Knute,Patient
Jack,Roberts,Patient
Moira,Martinelli,Patient
Lois,Nutter,Patient
Justin,Tsuna,Patient
Ricardo,Chester,Patient
Fred,Mancini-Corleone,Patient
Annie,LoPresti,Patient
Miles,Taylor,Patient
Selsdon,Leela,Patient
Joe,Brady,Patient
Patricia,Newbury,Patient
Sam,Seta,Patient
Miyuki,Baily,Patient
Ben,Kent,Patient
Kevin,Kent,Patient
Gregory,Wheeler,Patient
Henry,Daggett,Patient
Jay,Turpin,Patient
Pilar,Cooper,Patient
Samantha,Troi,Patient
Buzz,Anneke,Patient
Claudette,Magliozzi,Patient
Jack,Beckett,Patient
Adelia,Klay,Patient
Ben,Donahue,Patient
Blanche,Spellman,Patient
Catherine,Lopez,Patient
Alpa,Ramsey,Patient
Katie,Gaucho,Patient
Lola,Languish,Patient
Kazuki,Ray,Patient
Bryan,Reed,Patient
Chuck,Strange,Patient
Norma,Lindley,Patient
Ann,Vargas,Patient
Meyer,Spellman,Patient
Brenda,Rose,Patient
Dan,Crockett,Patient
Endora,Buckton,Patient
Sabrina,Pekkala,Patient
Cletus,Fabray,Patient
Kima,Anderson,Patient
Jack,Bergman,Patient
Martha,Sanderson,Patient
Betty,Ramsey,Patient
Elizabeth,Smyth,Patient
Robert,Kasen,Patient
Maureen,Wolfcastle,Patient
Misty,Stenbeck,Patient
Stanislaus,Rice,Patient
Jackson,Kennedy,Patient
Troy,Zatara,Patient
Knox,Lee,Patient
Laura,Barolli,Patient
Jamie,Riley,Patient
Robin,Van,Patient
Brad,Cotter,Patient
Doran,Makibi,Patient
Harry,Lucas,Patient
Quito,Nash,Patient
Don,Omovich,Patient
Cal,Freeman,Patient
Rajesh,Wilson,Patient
George,Principal,Patient
Violet,Victoria,Patient
Kenny,Franco,Patient
Strega,Jovanka,Patient
Kylie,Decker,Patient
Ethan,Dax,Patient
Alexandra,Holroyd,Patient
Temple,Harkness,Patient
Pepper,March,Patient
Steven,Antony,Patient
Kathy,Dayton,Patient
Cal,Powers,Patient
Hetty,Vaughan,Patient
Georgette,Noble,Patient
Nicky,Zale,Patient
Lucille,ONeill,Patient
Dotty,Matthews,Patient
Jacqueline,Blake,Patient
Blake,Cutting,Patient
Luna,Adebisi,Patient
Willow,Roland,Patient
Avon,Kent,Patient
David,Mitchell,Patient
Snapper,Leon,Patient
Faye,Space,Patient
Holt,Anders,Patient
David,Hoare,Patient
Zack,Drew,Patient
Carrie,Shannon,Patient
Raphael,Kaunaq,Patient
Richard,Taylor,Patient
Sara,Wainthropp,Patient
Stan,Alvin,Patient
Regan,Knute,Patient
Goldie,Tsuna,Patient
Jango,Willing,Patient
Judy,Takata,Patient
Simon,Schrute,Patient
Jefferson,McCrimmon,Patient
Charlie,Spratt,Patient
Frank,Enrico,Patient
Abi,Plum,Patient
Celeste,Dundee,Patient
Alex,Sprockett,Patient
Kurt,Zapatti,Patient
Mickey,Dent,Patient
Joey,Carrington,Patient
Tom,Medford,Patient
Rosco,Brennan,Patient
Abraham,Meacham,Patient
Joel,Duncan,Patient
Neil,Verma,Patient
Harris,Macdonald,Patient
Simon,Anneke,Patient
Jack,Caspar,Patient
Neville,Derwent,Patient
Polly,Schibetta,Patient
Susan,Bradley,Patient
Ernestine,Longbottom,Patient
Maggie,Crusher,Patient
Pilar,Steiger,Patient
Hope,Costello,Patient
Jadu,Jenkins,Patient
Jill,Heskell,Patient
Yosh,Lynch,Patient
Bonnie,Crockett,Patient
Mel,Newsworthy,Patient
Milo,Farrell,Patient
Shion,Hagen,Patient
Barry,Fellowes,Patient
Rita,Buck,Patient
Mendy,Foley,Patient
Leo,Turlough,Patient
Charlie,Pope,Patient
Griselda,Hopper,Patient
Ellen,Cartwright,Patient
Gary,Gharty,Patient
Joel,Taylor,Patient
Ashley,Blake,Patient
Midge,Costigan,Patient
Sara,Hamilton,Patient
Frank,Hoare,Patient
Tulio,Boddicker,Patient
Carlito,Raziel,Patient
Alex,Martin,Patient
Sarah,Marshall,Patient
Iris,Travis,Patient
Julie,Todd,Patient
Yukari,Vane,Patient
Paul,Battersby,Patient
Guy,Tyrell,Patient
Alex,DAmico,Patient
Sasha,Lane,Patient
Lou,Osterman,Patient
Paulie,Boddicker,Patient
Olivia,Chang,Patient
Jessica,Douglas,Patient
Clay,Sturgis,Patient
Donna,Derwent,Patient
Miss,Clouseau,Patient
Ted,Martinelli,Patient
David,McAllister,Patient
Kiriko,Malfoy,Patient
Todd,Tankinson,Patient
Daniel,Caxton,Patient
Sandra,Roberts,Patient
Wayne,Kane,Patient
Elisa,Davenport,Patient
Rose,Petrie,Patient
Poppy,Anneke,Patient
Ben,Maroni,Patient
Luanne,Anders,Patient
Cassie,Holden,Patient
Edward,Moorehead,Patient
Kelly,Pond,Patient
Winnie,Weasley,Patient
Kent,Jacobs,Patient
Richard,Arroway,Patient
Simon,Edwards,Patient
Cash,Komov,Patient
Tom,Yurinov,Patient
Virginia,Davis,Patient
Ryoko,Stottlemeyer,Patient
Guy,Kent,Patient
Dorothy,Lockwood,Patient
Jane,Holmes,Patient
Mark,Leigh,Patient
Zefram,Thomas,Patient
Otis,McGraw,Patient
Maria,Wisdom,Patient
Peter,Provenza,Patient
Maria,Moorehead,Patient
Sam,Jackson,Patient
Darcy,Sternin,Patient
Joanna,Pekkala,Patient
Briareos,Larsen,Patient
Agatha,Tonks,Patient
Celestina,Maxwell,Patient
Seras,Canfield,Patient
Tom,McAllister,Patient
Clark,Mancini-Corleone,Patient
Neil,Hedley,Patient
Agatha,Spellman,Patient
Chucky,Lem,Patient
Winifred,Jenkins,Patient
Agnes,Vimes,Patient
Anthony,Moses,Patient
Bryan,Burdock,Patient
Don,de Souza,Patient
Thomas,Omovich,Patient
Sister,Gaskell,Patient
Larry,Vance,Patient
Ben,Owens,Patient
Polly,Billa,Patient
Avon,Prentiss,Patient
Jeffrey,Marlowe,Patient
Elsa,Possible,Patient
Vinnie,Andrews,Patient
Zelda,Mephesto,Patient
Signor,Larkin,Patient
Avon,Travis,Patient
Lady,Lowe,Patient
Adam,Lopez-Fitzgerald,Patient
Rose,McAllister,Patient
Chuck,Lewis,Patient
Laurel,Page,Patient
Maxim,Boddicker,Patient
Jay,Silly,Patient
Alberto,Polford,Patient
Patty,Brady,Patient
Ray,Lawson,Patient
Dante,Brown,Patient
Abby,Kendall,Patient
Buddy,Lydecker,Patient
Rose,Donahue,Patient
Lucky,Carver,Patient
Marnie,Harrison,Patient
Jake,Morello,Patient
Alberto,Luthor,Patient
Mohinder,Allen,Patient
Michael,Grissom,Patient
Peter,Rojo,Patient
Willie,Duncan,Patient
Martin,De Lesseps,Patient
Mac,French,Patient
Lao,Fraser,Patient
Anthony,Orville,Patient
Rose,Nona,Patient
William,Buzzard,Patient
Leo,Alvin,Patient
Tony,John,Patient
Jack,St. Clare,Patient
Anita,Mason,Patient
Donna,Elliot,Patient
Henry,Schillinger,Patient
Salvo,Arroway,Patient
Georgina,Urameshi,Patient
Beanie,Allan,Patient
Charles,Caine,Patient
Vislor,Colombo,Patient
Gwen,Wyms,Patient
Norma,Thackeray,Patient
John,Robert,Patient
Laura,Fairhead,Patient
Teddy,Withers,Patient
Temperance,Kiriakis,Patient
Jack,Garrett,Patient
Jennifer,Thirteen,Patient
Peter,Brown,Patient
Norine,McClure,Patient
Cordelia,De Syn,Patient
Dirk,Zukovsky,Patient
Freddy,Silvermane,Patient
Frank,Moonshine,Patient
Danny,Wexford,Patient
Agatha,Hollins,Patient
Emerson,Allen,Patient
Dick,Halliwell,Patient
Jaenelle,Starsmore,Patient
Toby,Smith,Patient
Jonathan,Zapatti,Patient
Zefram,Flute,Patient
Billie,Peroni,Patient
Richard,Sugden,Patient
Baba,Cartwright,Patient
Hyman,Marlowe,Patient
Jo,Taylor,Patient
Jon,Peace,Patient
Eddie,Van,Patient
Jack,Quatermass,Patient
Elisa,Maximoff,Patient
Carla,McGonagall,Patient
Sandy,Dallas,Patient
Deanna,Spellman,Patient
Frank,Kirby,Patient
Ernest,Maxime,Patient
Roy,Martinelli,Patient
Martin,Russo,Patient
Angela,Canlaster,Patient
Geordi,Banzai,Patient
Lisa,Wanawake,Patient
Agnes,Heriot,Patient
Talia,Woods,Patient
Marnie,Dingle,Patient
Debbie,Vallance,Patient
Stanley,Burnett,Patient
Demelza,Heat,Patient
Snapper,Henderson,Patient
Jefferson,Landsman,Patient
Don,Patrick,Patient
Paul,Gently,Patient
Orla,Heat,Patient
Ethel,Givens,Patient
Rose,Cool,Patient
Natsumi,Cooper,Patient
Paul,Beckett,Patient
Angela,Zapatti,Patient
Caesar,MacLean,Patient
Ben,Rabbit,Patient
Anna,De Lesseps,Patient
Eva,Roland,Patient
James,Schibetta,Patient
Alex,Lovelace,Patient
Tony,Ramsey,Patient
Jesse,Deckard,Patient
Jerry,Trask,Patient
Dana,Vector,Patient
Vera,Lawless,Patient
Reva,Raziel,Patient
Peter,Rebus,Patient
Lennie,Bartlet,Patient
Franz,Vecchio,Patient
Billy,Hallow,Patient
Julianna,Weber,Patient
Henry,Banzai,Patient
Annabelle,Denovitz,Patient
Raylan,Sugden,Patient
Didi,MacKenzie,Patient
Bumpy,Willis,Patient
Joss,Page,Patient
Avon,Magliozzi,Patient
Kit,Spellman,Patient
Barbara,Matthews,Patient
Mel,Corleone,Patient
Rhona,Blake,Patient
Joe,de Castro,Patient
Jack,Buck,Patient
Hrundi,Fisher,Patient
Margaret,Fabray,Patient
Janus,Scarpetta,Patient
Wilfred,Boxer,Patient
Giacomo,Falcon,Patient
Abraham,Kane,Patient
Melinda,Garlick,Patient
Artemus,Dax,Patient
Marvin,Cool,Patient
Kinman,Gardocki,Patient
Rose,Sternin,Patient
Seaton,Delacour,Patient
Quinn,Barr,Patient
Diane,Corinthos,Patient
Ann,Paige,Patient
Kinman,Snyder,Patient
Kate,Vincent,Patient
Frances,Kelly,Patient
Peggy,Wright,Patient
Maria,Prefect,Patient
Sharon,Serizawa,Patient
Gillian,Owens,Patient
Tom,Tyler,Patient
Jeremiah,Yurinov,Patient
Phil,Hollins,Patient
Jeff,Bolt,Patient
Daniel,Anderson,Patient
Tiffany,Woods,Patient
Art,Castang,Patient
Liz,Riviera,Patient
Roberta,Ravenscroft,Patient
Vanilla,Pike,Patient
Dale,Vercetti,Patient
Hecky,Atwater,Patient
Guido,Davenport,Patient
Joseph,Brockman,Patient
Karen,Brannigan,Patient
Katie,Blake,Patient
Olivia,Wing,Patient
Henry,Powers,Patient
Joel,Diamond,Patient
Alecto,Lambert,Patient
Midge,Kelling,Patient
Carol,Longbottom,Patient
Tulio,Maroni,Patient
Mickey,Tsuna,Patient
Paige,Stone,Patient
Ana,Roberts,Patient
Harry,Hogg,Patient
Douglas,Gottwald,Patient
William,Lang,Patient
Barney,Parlabane,Patient
Ritsuko,Brown,Patient
Elijah,Rothstein,Patient
Claudia,Drew,Patient
Tom,Ranall,Patient
Tony,Appleton,Patient
Lloyd,Morgan,Patient
Nicky,Denning,Patient
Marcelino,Thorndyke,Patient
Phil,Jovanovic,Patient
Rose,Del Toro,Patient
Rex,Drew,Patient
Casanova,Halliwell,Patient
Cat,Mars,Patient
Dilys,Lee,Patient
Danny,Umbridge,Patient
Tabitha,Claybourne,Patient
Casanova,Costello,Patient
Agnes,Watson,Patient
Aki,Duquesne,Patient
Henry,Cooper,Patient
Frederick,Lee,Patient
Shaz,Lopez-Fitzgerald,Patient
Tim,Vinopan,Patient
Harley,Gill,Patient
James,Frobisher,Patient
Davina,MacLean,Patient
Chris,Thackeray,Patient
Ruby,Vincent,Patient
Marlo,Langshaw,Patient
Tom,Dawson,Patient
Vincent,Potter,Patient
Gerard,Stillman,Patient
Kaye,Willing,Patient
Penny,Lockwood,Patient
Charles,Seta,Patient
Victoria,Thoreauxe,Patient
Todd,Brockman,Patient
Peyton,Zapatti,Patient
Roman,Sendo,Patient
Brad,Zasa,Patient
Monica,McGrath,Patient
Mar?a,Knott,Patient
Amy,Schibetta,Patient
Tom,Russo,Patient
Charlotte,Waturs,Patient
Michael,Cochrane,Patient
Nick,Rhodes,Patient
Jake,Stanfield,Patient
Vicki,Kolchak,Patient
Sam,Winslow,Patient
Selsdon,Jessup,Patient
Achille,Brennan,Patient
Fin,Light,Patient
Anna,Caxton,Patient
Ritsuko,Tonks,Patient
Kiriko,Crandall,Patient
Ruby,Possible,Patient
Jason,Olemaun,Patient
Santino,Green,Patient
Haleh,Carling,Patient
Frances,Lang,Patient
Eric,Cropper,Patient
Celestina,Baily,Patient
Gillian,Vondopoulos,Patient
Melinda,Beckett,Patient
Hayley,Townsend,Patient
Imogen,Deakins,Patient
Lily,Spratt,Patient
Tony,Thomas,Patient
Charity,Hoare,Patient
Jimmy,Khan,Patient
Luanne,Bell,Patient
Willow,Hale,Patient
Damian,Hubbard,Patient
Robert,von Uberwald,Patient
Rex,Glicker,Patient
Tierney,Watson,Patient
Jadu,Burkhart,Patient
Victoria,Spellman,Patient
Sam,Strange,Patient
John,Smith,Patient
Joss,Morris,Patient
Joe,Franklin,Patient
Dorothy,Ramotswe,Patient
Armando,Alvin,Patient
Tara,MacGowan,Patient
Olwyn,Perry,Patient
Jefferson,Soap,Patient
Joyce,OMalley,Patient
Dame,Beresford,Patient
Zelda,Morris,Patient
Neil,Wolfe,Patient
Betsy,Garlick,Patient
Belladonna,McClure,Patient
Walter,Pullman,Patient
YUko,Anneke,Patient
Charles,Tattaglia,Patient
Alan,Webster,Patient
Dick,Grant,Patient
Dodo,Green,Patient
Wayne,Spellman,Patient
Miyuki,Salander,Patient
Alex,Hankle,Patient
Chloe,Parker,Patient
Joseph,Maroney,Patient
Laura,Chase,Patient
Dan,Von Doom,Patient
Sue,Hudson,Patient
Douglas,Grissom,Patient
Nicky,Aitoro,Patient
Kanuka,Nightshade,Patient
Steven,Asplund,Patient
Evan,Plinge,Patient
Jaenelle,Dean,Patient
Jeff,Boyce,Patient
James,Abbot,Patient
Jack,Halliwell,Patient
Rebecca,Skelton,Patient
Christopher,Magliozzi,Patient
Mary Jane,Swan,Patient
Liz,Pullman,Patient
William,Savage,Patient
Miyuki,Buxton,Patient
Adam,Lindley,Patient
George,Smyth,Patient
Chloe,Halliwell,Patient
Victor,Sosa,Patient
Johnny,Speedman,Patient
Miyuki,Bulstrode,Patient
Claire,Wainthropp,Patient
Kakihara,Holden,Patient
Cristina,Larsen,Patient
Victoria,Starr,Patient
Bobby,Nanny,Patient
Fred,Sydnor,Patient
Stuart,Vincent,Patient
Opara,ONeill,Patient
Bill,Potts,Patient
Nick,Clarke,Patient
Tristan,Vale,Patient
Julie,Casswell,Patient
Carlotta,Davenport,Patient
Riley,Soong,Patient
Rajesh,Omovich,Patient
Walter,Blocksberg,Patient
Laverne,Duncan,Patient
Nikki,Southwood,Patient
John,Cackle,Patient
Richard,Munson,Patient
Luke,Hojo,Patient
Helena,Stillman,Patient
Harry,Strong,Patient
Rex,Thomas,Patient
Rose,Madison,Patient
Johnny,Taylor,Patient
Diane,Kolchak,Patient
Aniki,McCoy,Patient
Angus,Taylor,Patient
Sam,Travis,Patient
Temple,Boxer,Patient
Sarah,Travis,Patient
Gianni,Van Tassel,Patient
Edward,Sullivan,Patient
Annie,Scotts,Patient
Sophie,Connolly,Patient
Arnold,Hutt,Patient
Roman,Barksdale,Patient
John,Walker,Patient
Martha,Meeks,Patient
Celeste,Dean,Patient
Amitabh,Larsen,Patient
Amos,White,Patient
Sue,Young,Patient
Alan,Brigante,Patient
Morgan,Sullivan,Patient
Stuart,Givens,Patient
Casanova,Carlyle,Patient
Sydney,Lopez-Fitzgerald,Patient
Miranda,Leon,Patient
Kim,Sharma,Patient
Adam,Magnum,Patient
Michael,Kane,Patient
Andromeda,Sanderson,Patient
Donald,Brown,Patient
Claire,Morgan,Patient
Olivia,Troi,Patient
Mark,Skye,Patient
Raylan,Carling,Patient
Montana,Goodwin,Patient
Julian,Cox,Patient
Vivian,Fraser,Patient
Valerie,Poppins,Patient
Lilly,Grissom,Patient
Molly,Shugak,Patient
Ruta,Malfoy,Patient
Rico,Brady,Patient
Penny,von Uberwald,Patient
Roderick,Murtaugh,Patient
Lex,Brockman,Patient
Hal,Vondopoulos,Patient
Piper,Jacobs,Patient
Basil,Nona,Patient
Rico,Crane,Patient
Karen,Weber,Patient
Sonny,Stockmann,Patient
Sam,Wallander,Patient
Kira,Colorado,Patient
Charlie,Swift,Patient
Alexandra,Spica,Patient
Harry,Ranall,Patient
Opara,Spellman,Patient
Zachary,Bakshi,Patient
Constance,Lewis,Patient
Harry,Crabbe,Patient
Nancy,McGraw,Patient
Jason,Gordon,Patient
Kinsey,Thackeray,Patient
Bill,Scotts,Patient
Ben,Wolfcastle,Patient
Brynn,McKinnon,Patient
Arnold,Carling,Patient
Sandy,Cameron,Patient
Blake,Lockwood,Patient
Ford,Aitoro,Patient
Joe,Vane,Patient
Anthony,Corbie,Patient
Abe,Luca,Patient
Peter,Henry,Patient
Noike,Travis,Patient
Ross,Blake,Patient
Amanda,ONeil,Patient
Susan,Handley,Patient
Ashley,Ranall,Patient
Leonard,Emmerich,Patient
Eddie,Moses,Patient
Huma,Astro,Patient
Salvatore,Bardo,Patient
Jaenelle,Swansong,Patient
Buddy,Hill,Patient
Helga,Fidelma,Patient
Mendy,Farrell,Patient
Lolly,Sugden,Patient
Sabrina,Na Melmas,Patient
Jaenelle,ONeill,Patient
Constance,Johnson,Patient
Janice,Redfield,Patient
Grant,Indelicato,Patient
Piper,Klump,Patient
Linda,Meedhan,Patient
Jaenelle,Riviera,Patient
Dotty,Parker,Patient
Walburga,Lopez-Fitzgerald,Patient
Norine,Light,Patient
Avon,Roberts,Patient
Eve,Stackhouse,Patient
Matt,Manu,Patient
Hrundi,Strange,Patient
Harry,Brady,Patient
Katie,Bigelow,Patient
Kelly,Rook,Patient
Prue,Owens,Patient
Sister,Sofer,Patient
Emma,ONeill,Patient
James,Jameson,Patient
Alecto,Hoare,Patient
Beatrice,Blackwood,Patient
Billie,de Passe,Patient
Buford,Martin,Patient
Leon,Willing,Patient
Jacques,Schwarzburger,Patient
Ellen,Black,Patient
James,Stenbeck,Patient
Jane,Andrews,Patient
April,Cooper,Patient
Jonathan,Newsworthy,Patient
Monica,Sugden,Patient
Michael,Chase,Patient
Lisa,Darrow,Patient
Nohar,Hughes,Patient
Sally,DeWolff,Patient
Moira,Williams,Patient
Emily,Hudson,Patient
Shaz,Pezzini,Patient
Charmian,Henderson,Patient
Grace,Bachchan,Patient
Jake,Falcone,Patient
Zatanna,Maroney,Patient
Emil,Owens,Patient
King,Shore,Patient
Angua,Standish,Patient
Kingo,Bottom,Patient
Jacques,Kingdom,Patient
Bobby,Kendall,Patient
Danny,Cooper,Patient
Jennifer,Fletcher,Patient
Didi,Peabody,Patient
Martin,Frye,Patient
Cedric,Bigelow,Patient
Kate,Fletcher,Patient
Stephen,Moreland,Patient
Mallory,Redfield,Patient
Wendy,Cammeniti,Patient
Melody,Travis,Patient
William,Skilbeck,Patient
Miranda,Moses,Patient
Bertha,Smart,Patient
Ruby,Bones,Patient
John,Tutuola,Patient
Annie,Corsi,Patient
Ryan,Bradford,Patient
Harmony,Farrell,Patient
Sam,Brockman,Patient
Trinity,Russo,Patient
Peter,Drake,Patient
Carmine,Zucco,Patient
Snapper,Hopper,Patient
Bobby,Whale,Patient
Rita,Owens,Patient
Nea,Stape,Patient
Victoria,Tabootie,Patient
Subhash,Blake,Patient
Carlos,Urth,Patient
Alecto,Givens,Patient
Agatha,Smythson,Patient
Harry,Quince,Patient
Daniel,Kent,Patient
Gerard,Serrano,Patient
Scott,Mowbray,Patient
Linda,Ozaki,Patient
Norman,Crabbe,Patient
Anna,Patrick,Patient
Marid,Addy,Patient
Julie,McAllister,Patient
Hannah,Stephens,Patient
Hermione,Beth,Patient
Charity,Soong,Patient
Ben,Taylor,Patient
Kirk,Forelli,Patient
Catherine,Craven,Patient
Meg,Gottwald,Patient
Cash,Verma,Patient
Jake,Lindley,Patient
Kat,Holmes,Patient
Sam,Towne,Patient
Calleigh,Andonuts,Patient
Angela,Rabbit,Patient
Ivy,Brooke,Patient
Nataria,Fier,Patient
Hope,Warren,Patient
Roman,Clarke,Patient
Eddie,Antony,Patient
Raphael,Snyder,Patient
Holly,Rapp,Patient
V?ctor,Serrano,Patient
Hal,Gorbovsky,Patient
Joe,Bradley,Patient
Ronnie,Clericuzio,Patient
Mallory,Poppins,Patient
Robin,Holliwell,Patient
Jake,Thevenet,Patient
Laverne,Gordon,Patient
Penelope,Beckett,Patient
Martin,McCartney,Patient
Brynn,Van,Patient
Ellis,Michaelson,Patient
Bo,Fisk,Patient
Hiroshi,Langshaw,Patient
Shaz,Piper,Patient
Alexei,Jaffe,Patient
Andy,Dean,Patient
Billie,Ladderbanks,Patient
Ruby,Kennedy,Patient
Mendy,Platter,Patient
Chris,Morris,Patient
Harry,Barclay,Patient
Sylvester,Rawling,Patient
Langdale,Robert,Patient
Stuart,Rudd,Patient
Clancy,Morgan,Patient
Maggie,Purebred,Patient
Willow,Pond,Patient
Christopher,Weber,Patient
Brian,Rosenberg,Patient
Te,Thoreauxe,Patient
Don,Cobb,Patient
Rosita,Schwarzheimer,Patient
John,Nelson,Patient
Nataria,McCrary,Patient
Lyla,Clare,Patient
Carmine,Fish,Patient
Paul,Riviera,Patient
Myra,Abbott,Patient
Jay,Parker,Patient
Kerry,Grant,Patient
Raphael,Van Buren,Patient
Rose,Taylor,Patient
Marlo,Fier,Patient
Patti,Dunham,Patient
Alan,Lawson,Patient
Jen,Poirot,Patient
Elly,Valentine,Patient
Elizabeth,Maroni,Patient
Angela,Hamilton,Patient
Jack,Goodwin,Patient
Mark,Jonas,Patient
Elvis,Taylor,Patient
Ruby,Sullivan,Patient
Misty,Hastings,Patient
Vivian,Owens,Patient
Rico,Langton,Patient
Paul,Zaluchi,Patient
Nicky,Jenkins,Patient
Jen,Dieudonne,Patient
Kate,McClure,Patient
Lloyd,Bayles,Patient
Hank,Feedbag,Patient
Rita,Wolfe,Patient
Seiryo,Owens,Patient
Martha,Cooper,Patient
Kate,Tura,Patient
Bolivar,Sawyer,Patient
Angelina,Wu,Patient
Amelia,McDonald,Patient
Alan,Croft,Patient
Catherine,Delacour,Patient
Lindsay,Fansler,Patient
Jeff,Von Doom,Patient
Jessica,Leotardo,Patient
Cletus,Sprout,Patient
Harry,Principal,Patient
Tom,Valchek,Patient
Jackson,Parker,Patient
Sharon,Bartlet,Patient
John,Boyle,Patient
Lisa,Webster,Patient
Amelia,Wainthropp,Patient
Roy,Salieri,Patient
Remy,Sprockett,Patient
Temperance,Reilly,Patient
Sonny,Hedley,Patient
Quinn,Butterworth,Patient
Rachel,Caxton,Patient
Mona,Meiklejohn,Patient
Maud,Vondopoulos,Patient
Gregory,Arden,Patient
Sam,Vincent,Patient
Miyuki,Glicker,Patient
Julia,Gudmundsdottir,Patient
Stefano,Alvin,Patient
Domenico,Donahue,Patient
Enrique,ORourke,Patient
Turanga,Ranall,Patient
Mary Ann,Vaughn,Patient
Johnny,Juntao,Patient
Bruce,Leon,Patient
Hagbard,Daniels,Patient
Donna,Drew,Patient
Phil,Bell,Patient
Lewis,Crabtree,Patient
Jefferson,Blake,Patient
Agnes,Starsmore,Patient
Joyce,Farrell,Patient
Neil,Yamamoto,Patient
Ivy,Martinelli,Patient
Gary,Weathers,Patient
Miguel,Henderson,Patient
Maleen,Boddicker,Patient
Jack,White,Patient
Eddie,Snyder,Patient
Penny,Woods,Patient
Kay,Bennett,Patient
Andy,Quirk,Patient
Marti,Summers,Patient
William,Vinopan,Patient
Mallory,Pearle,Patient
Jane,Dean,Patient
Blanche,Mannheim,Patient
Mere,Charles,Patient
Molly,Vargas,Patient
Steve,Vecchio,Patient
Shane,Napoli,Patient
Langdale,Marino,Patient
John,Altobello,Patient
Andy,Yurinov,Patient
Gwen,Lewis,Patient
Robert,Flinstone,Patient
Diane,Newman,Patient
Michael,Sprockett,Patient
Brynn,Takata,Patient
Ellen,Chandler,Patient
Riley,Banzai,Patient
Natalie,Brockman,Patient
Tru,Kelly,Patient
Avon,Indelicato,Patient
Jim,Meeks,Patient
Laura,Nightbane,Patient
Jesse,Sands,Patient
Lyan,Sharma,Patient
Cedric,Falken,Patient
Ronnie,Spano,Patient
Jerry,Camonte,Patient
Anna,Grissom,Patient
Laura,Knott,Patient
Katie,Hill,Patient
Murphy,Mitchell,Patient
Sonya,Hopper,Patient
Benjamin,Fidelma,Patient
Frederick,Sugden,Patient
Alan,Richards,Patient
Susan,Piper,Patient
Teddy,Nederlander,Patient
Roberta,Taylor,Patient
Dol,Forelli,Patient
Delia,Forelli,Patient
Jesse,Lowe,Patient
Roberta,Drake,Patient
Paul,Pond,Patient
Alex,Moss,Patient
Chris,Coon,Patient
Sookie,Brearly,Patient
Alexandra,Scotts,Patient
Lucinda,Brocklehurst,Patient
Tyra,Lemansky,Patient
Diane,Ramotswe,Patient
Carlotta,Baily,Patient
Magrat,Zale,Patient
Jo,Sahid,Patient
Melody,Wilson,Patient
Leslie,Espinosa,Patient
Kingo,Russo,Patient
Shion,Agasa,Patient
Bill,Cotter,Patient
Kelly,Holmes,Patient
Tim,Bartlett,Patient
Rose,Douglas,Patient
Agnes,Weasley,Patient
Russell,Baxter,Patient
Virginia,Marshall,Patient
Belinda,Papandrao,Patient
Alan,Loeb,Patient
Doyle,Stockmann,Patient
Francis,Morrow,Patient
Roderick,Lawson,Patient
Tess,Harrington,Patient
Alex,Lane,Patient
Elsa,Weston,Patient
Sam,Garrick,Patient
Demelza,Yang,Patient
Sara,Spratt,Patient
Charlotte,Sprout,Patient
Uri,Dahl,Patient
June,Feedbag,Patient
Oswald,Ravenclaw,Patient
Kate,Carlyle,Patient
Peggy,Grissom,Patient
Katie,Sanderson,Patient
Fred,Lynch,Patient
Sam,Jackson,Patient
Leonard,Steelgrave,Patient
Angua,Kapowski,Patient
Hal,Redfield,Patient
Mary Ann,Wali,Patient
Cal,Soran,Patient
Deborah,Stewart,Patient
Alan,Holroyd,Patient
Lady,Jorkins,Patient
Rita,Tonks,Patient
Monica,Licalsi,Patient
Ted,Hecatonchires,Patient
Christine,Soran,Patient
Melody,Ranall,Patient
Ellery,Morales,Patient
Melanie,Atwater,Patient
Stanley,Willows,Patient
Ray,Wheeler,Patient
Max,Stape,Patient
Joey,Lopez,Patient
Bernard,Hamilton,Patient
Sarah,Warbeck,Patient
Alecto,Murphy,Patient
Kirk,Disher,Patient
Benton,Barnaby,Patient
Ruth,Russo,Patient
Otis,Wright,Patient
Oliver,Kolchak,Patient
Tristan,Fleming,Patient
Sukie,Omovich,Patient
Jiveshwar,Miller,Patient
Saito,Henderson,Patient
Tex,Munson,Patient
Maia,Warbeck,Patient
Holly,McPherson,Patient
Jesse,Bartlet,Patient
Buck,Kasen,Patient
George,Garrison,Patient
Fiz,Bonner,Patient
Cliff,Smith,Patient
Victoria,Halliwell,Patient
Morgan,Santoro,Patient
Nick,Stottlemeyer,Patient
Reginald,Marvin,Patient
Honey,Pope,Patient
Paul,Andrews,Patient
John,Corsi,Patient
Gene,Scott,Patient
Hecky,Spaceman,Patient
Ronnie,Lucchesi,Patient
Callum,Cooper,Patient
Sara,Manu,Patient
Cordelia,Carlyle,Patient
James,Grant,Patient
Holly,Railly,Patient
Norma,Steel-Stuart,Patient
Andy,Wexford,Patient
Polly,Devine,Patient
Elijah,Marlowe,Patient
Gregory,Tutuola,Patient
Nino,Denton,Patient
William,Beck,Patient
Mary,Kent,Patient
Tia,Lewis,Patient
Roderick,Riviera,Patient
Chris,Kuroda,Patient
Laurel,Lucas,Patient
Melanie,OHara,Patient
Isobel,Winslow,Patient
Andromeda,Cleever,Patient
Doris,Mercer,Patient
Jane,Coccotti,Patient
Glorietta,Gribble,Patient
Valerie,Schrute,Patient
Paul,De Lena,Patient
Caroline,Corsi,Patient
Alphonse,ONeill,Patient
Kelly,Munroe,Patient
Jo,North,Patient
Henrieta,Lamont,Patient
Lilly,Downs,Patient
Alice,Sanderson,Patient
Jake,Banzai,Patient
Zenigata,Overstreet,Patient
Indiana,Halliwell,Patient
Michael,Breaker,Patient
Cordelia,Brown,Patient
Anthony,Krueger,Patient
Lylah,Blake,Patient
Paul,Bloom-Wood,Patient
Gail,Crusher,Patient
Hank,Hill,Patient
Annie,Travis,Patient
Sara,Guarnaccia,Patient
Polly,Johnson,Patient
Truman,Scudder,Patient
Sophie,Aran,Patient
Vera,Fairweather,Patient
Paul,Schultz,Patient
Frank,Lassiter,Patient
John,Guarnaccia,Patient
Wanda,Rice,Patient
Patricia,Webster,Patient
Nero,Greer,Patient
Rita,Carp,Patient
Frank,Angie,Patient
Holly,Jones,Patient
Sukie,Tennison,Patient
Jenny,Farrell,Patient
Ray,Morgan,Patient
Wendell,Kasen,Patient
Elisa,Spellman,Patient
Tracy,Bell,Patient
Constantin,Pullman,Patient
Jeff,Hopper,Patient
Lois,Brocklehurst,Patient
Roberta,Jones,Patient
Todd,Dallas,Patient
Thomas,Smith,Patient
George,Sawyer,Patient
Bo,Darby,Patient
Domenica,Ashton,Patient
Eddie,Drake,Patient
Morgan,McCrary,Patient
Sam,OHara,Patient
Charlie,Neutron,Patient
Fleur,Morales,Patient
Faye,Soong,Patient
Christine,Turtle,Patient
Armando,Matthews,Patient
Karen,Costello,Patient
Deanna,Barnes,Patient
Molly,Hanover,Patient
Constance,Yang,Patient
Claude,Walls,Doctor
Joshua,Green,Doctor
Miriam,Tregre,Doctor
James,Russo,Doctor
Scott,Hill,Doctor
Tasha,Phillips,Doctor
Hazel,Patterson,Doctor
Mickey,Duval,Doctor
Jon,Nelson,Doctor
Monica,Singleton,Doctor
Douglas,Brooks,Doctor
Flora,Moore,Doctor
Angelica,Noe,Doctor
Tyrone,Smart,Doctor
Marie,Brinkman,Doctor
Irene,Brooks,Doctor
Mary,Walker,Doctor
Bobbi,Estrada,Doctor
Stephanie,Cohen,Doctor
Ralph,Wilson,Doctor
Lisa,Cuddy,Doctor
Simon,Santiago,Doctor
Heather,Beck,Doctor
Jenny,Pulaski,Doctor
Jeanette,Sites,Doctor
Larry,Miller,Doctor
Donna,Greenwood,Doctor
